-3.94E-03,-1.80E-02,,,Memory Length,4000
-3.94E-03,-1.80E-02,,,Trigger Level,7.40E+02
-3.94E-03,-1.80E-02,,,Source,CH2
-3.93E-03,-1.80E-02,,,Probe,1.0X
-3.93E-03,-1.80E-02,,,Vertical Units,V
-3.93E-03,-1.80E-02,,,Vertical Scale,5.00E-02
-3.93E-03,-1.80E-02,,,Vertical Position,4.00E-03
-3.93E-03,-1.80E-02,,,Horizontal Units,S
-3.92E-03,-1.80E-02,,,Horizontal Scale,5.00E-04
-3.92E-03,-1.80E-02,,,Horizontal Position,6.00E-05
-3.92E-03,-1.80E-02,,,Horizontal Mode,Main
-3.92E-03,-2.00E-02,,,Sampling Period,2.00E-06
-3.92E-03,-2.00E-02,,,Firmware,V1.14
-3.91E-03,-2.00E-02,,,Time, 
-3.91E-03,-2.00E-02,,,Mode,Detail
-3.91E-03,-1.80E-02,,,Waveform Data,
-3.91E-03,-1.80E-02,,,,
-3.91E-03,-2.00E-02,,,,
-3.90E-03,-2.00E-02,,,,
-3.90E-03,-1.80E-02,,,,
-3.90E-03,-1.80E-02,,,,
-3.90E-03,-1.80E-02,,,,
-3.90E-03,-1.80E-02,,,,
-3.89E-03,-2.00E-02,,,,
-3.89E-03,-2.00E-02,,,,
-3.89E-03,-2.00E-02,,,,
-3.89E-03,-2.00E-02,,,,
-3.89E-03,-2.00E-02,,,,
-3.88E-03,-2.00E-02,,,,
-3.88E-03,-2.00E-02,,,,
-3.88E-03,-2.00E-02,,,,
-3.88E-03,-2.00E-02,,,,
-3.88E-03,-2.00E-02,,,,
-3.87E-03,-2.00E-02,,,,
-3.87E-03,-2.00E-02,,,,
-3.87E-03,-2.00E-02,,,,
-3.87E-03,-2.00E-02,,,,
-3.87E-03,-2.00E-02,,,,
-3.86E-03,-2.00E-02,,,,
-3.86E-03,-2.20E-02,,,,
-3.86E-03,-2.20E-02,,,,
-3.86E-03,-2.00E-02,,,,
-3.86E-03,-2.00E-02,,,,
-3.85E-03,-2.20E-02,,,,
-3.85E-03,-2.20E-02,,,,
-3.85E-03,-2.00E-02,,,,
-3.85E-03,-2.00E-02,,,,
-3.85E-03,-2.00E-02,,,,
-3.84E-03,-2.00E-02,,,,
-3.84E-03,-2.00E-02,,,,
-3.84E-03,-2.00E-02,,,,
-3.84E-03,-2.20E-02,,,,
-3.84E-03,-2.20E-02,,,,
-3.83E-03,-2.00E-02,,,,
-3.83E-03,-2.00E-02,,,,
-3.83E-03,-2.20E-02,,,,
-3.83E-03,-2.20E-02,,,,
-3.83E-03,-2.00E-02,,,,
-3.82E-03,-2.00E-02,,,,
-3.82E-03,-2.40E-02,,,,
-3.82E-03,-2.40E-02,,,,
-3.82E-03,-2.40E-02,,,,
-3.82E-03,-2.40E-02,,,,
-3.81E-03,-2.20E-02,,,,
-3.81E-03,-2.20E-02,,,,
-3.81E-03,-2.40E-02,,,,
-3.81E-03,-2.40E-02,,,,
-3.81E-03,-2.20E-02,,,,
-3.80E-03,-2.20E-02,,,,
-3.80E-03,-2.40E-02,,,,
-3.80E-03,-2.40E-02,,,,
-3.80E-03,-2.40E-02,,,,
-3.80E-03,-2.40E-02,,,,
-3.79E-03,-2.40E-02,,,,
-3.79E-03,-2.40E-02,,,,
-3.79E-03,-2.20E-02,,,,
-3.79E-03,-2.20E-02,,,,
-3.79E-03,-2.40E-02,,,,
-3.78E-03,-2.40E-02,,,,
-3.78E-03,-2.40E-02,,,,
-3.78E-03,-2.40E-02,,,,
-3.78E-03,-2.60E-02,,,,
-3.78E-03,-2.60E-02,,,,
-3.77E-03,-2.60E-02,,,,
-3.77E-03,-2.60E-02,,,,
-3.77E-03,-2.40E-02,,,,
-3.77E-03,-2.40E-02,,,,
-3.77E-03,-2.40E-02,,,,
-3.76E-03,-2.40E-02,,,,
-3.76E-03,-2.40E-02,,,,
-3.76E-03,-2.40E-02,,,,
-3.76E-03,-2.40E-02,,,,
-3.76E-03,-2.40E-02,,,,
-3.75E-03,-2.40E-02,,,,
-3.75E-03,-2.40E-02,,,,
-3.75E-03,-2.60E-02,,,,
-3.75E-03,-2.60E-02,,,,
-3.75E-03,-2.40E-02,,,,
-3.74E-03,-2.40E-02,,,,
-3.74E-03,-2.60E-02,,,,
-3.74E-03,-2.60E-02,,,,
-3.74E-03,-2.60E-02,,,,
-3.74E-03,-2.60E-02,,,,
-3.73E-03,-2.60E-02,,,,
-3.73E-03,-2.60E-02,,,,
-3.73E-03,-2.60E-02,,,,
-3.73E-03,-2.60E-02,,,,
-3.73E-03,-2.40E-02,,,,
-3.72E-03,-2.40E-02,,,,
-3.72E-03,-2.60E-02,,,,
-3.72E-03,-2.60E-02,,,,
-3.72E-03,-2.60E-02,,,,
-3.72E-03,-2.60E-02,,,,
-3.71E-03,-2.60E-02,,,,
-3.71E-03,-2.60E-02,,,,
-3.71E-03,-2.60E-02,,,,
-3.71E-03,-2.60E-02,,,,
-3.71E-03,-2.60E-02,,,,
-3.70E-03,-2.60E-02,,,,
-3.70E-03,-2.60E-02,,,,
-3.70E-03,-2.60E-02,,,,
-3.70E-03,-2.60E-02,,,,
-3.70E-03,-2.60E-02,,,,
-3.69E-03,-2.60E-02,,,,
-3.69E-03,-2.60E-02,,,,
-3.69E-03,-2.60E-02,,,,
-3.69E-03,-2.60E-02,,,,
-3.69E-03,-2.60E-02,,,,
-3.68E-03,-2.60E-02,,,,
-3.68E-03,-2.60E-02,,,,
-3.68E-03,-2.60E-02,,,,
-3.68E-03,-3.00E-02,,,,
-3.68E-03,-3.00E-02,,,,
-3.67E-03,-2.80E-02,,,,
-3.67E-03,-2.80E-02,,,,
-3.67E-03,-2.80E-02,,,,
-3.67E-03,-2.80E-02,,,,
-3.67E-03,-2.80E-02,,,,
-3.66E-03,-2.80E-02,,,,
-3.66E-03,-2.60E-02,,,,
-3.66E-03,-2.60E-02,,,,
-3.66E-03,-2.80E-02,,,,
-3.66E-03,-2.80E-02,,,,
-3.65E-03,-2.60E-02,,,,
-3.65E-03,-2.60E-02,,,,
-3.65E-03,-2.80E-02,,,,
-3.65E-03,-2.80E-02,,,,
-3.65E-03,-2.80E-02,,,,
-3.64E-03,-2.80E-02,,,,
-3.64E-03,-2.80E-02,,,,
-3.64E-03,-2.80E-02,,,,
-3.64E-03,-2.80E-02,,,,
-3.64E-03,-2.80E-02,,,,
-3.63E-03,-3.20E-02,,,,
-3.63E-03,-3.20E-02,,,,
-3.63E-03,-2.80E-02,,,,
-3.63E-03,-2.80E-02,,,,
-3.63E-03,-3.20E-02,,,,
-3.62E-03,-3.20E-02,,,,
-3.62E-03,-3.00E-02,,,,
-3.62E-03,-3.00E-02,,,,
-3.62E-03,-3.00E-02,,,,
-3.62E-03,-3.00E-02,,,,
-3.61E-03,-2.80E-02,,,,
-3.61E-03,-2.80E-02,,,,
-3.61E-03,-2.80E-02,,,,
-3.61E-03,-2.80E-02,,,,
-3.61E-03,-3.20E-02,,,,
-3.60E-03,-3.20E-02,,,,
-3.60E-03,-3.00E-02,,,,
-3.60E-03,-3.00E-02,,,,
-3.60E-03,-3.20E-02,,,,
-3.60E-03,-3.20E-02,,,,
-3.59E-03,-3.00E-02,,,,
-3.59E-03,-3.00E-02,,,,
-3.59E-03,-3.00E-02,,,,
-3.59E-03,-3.00E-02,,,,
-3.59E-03,-3.20E-02,,,,
-3.58E-03,-3.20E-02,,,,
-3.58E-03,-3.00E-02,,,,
-3.58E-03,-3.00E-02,,,,
-3.58E-03,-3.20E-02,,,,
-3.58E-03,-3.20E-02,,,,
-3.57E-03,-3.00E-02,,,,
-3.57E-03,-3.00E-02,,,,
-3.57E-03,-3.00E-02,,,,
-3.57E-03,-3.00E-02,,,,
-3.57E-03,-3.00E-02,,,,
-3.56E-03,-3.00E-02,,,,
-3.56E-03,-3.20E-02,,,,
-3.56E-03,-3.20E-02,,,,
-3.56E-03,-3.40E-02,,,,
-3.56E-03,-3.40E-02,,,,
-3.55E-03,-3.20E-02,,,,
-3.55E-03,-3.20E-02,,,,
-3.55E-03,-3.40E-02,,,,
-3.55E-03,-3.40E-02,,,,
-3.55E-03,-3.20E-02,,,,
-3.54E-03,-3.20E-02,,,,
-3.54E-03,-3.40E-02,,,,
-3.54E-03,-3.40E-02,,,,
-3.54E-03,-3.20E-02,,,,
-3.54E-03,-3.20E-02,,,,
-3.53E-03,-3.20E-02,,,,
-3.53E-03,-3.20E-02,,,,
-3.53E-03,-3.40E-02,,,,
-3.53E-03,-3.40E-02,,,,
-3.53E-03,-3.40E-02,,,,
-3.52E-03,-3.40E-02,,,,
-3.52E-03,-3.20E-02,,,,
-3.52E-03,-3.20E-02,,,,
-3.52E-03,-3.40E-02,,,,
-3.52E-03,-3.40E-02,,,,
-3.51E-03,-3.40E-02,,,,
-3.51E-03,-3.40E-02,,,,
-3.51E-03,-3.20E-02,,,,
-3.51E-03,-3.20E-02,,,,
-3.51E-03,-3.40E-02,,,,
-3.50E-03,-3.40E-02,,,,
-3.50E-03,-3.60E-02,,,,
-3.50E-03,-3.60E-02,,,,
-3.50E-03,-3.60E-02,,,,
-3.50E-03,-3.60E-02,,,,
-3.49E-03,-3.40E-02,,,,
-3.49E-03,-3.40E-02,,,,
-3.49E-03,-3.60E-02,,,,
-3.49E-03,-3.60E-02,,,,
-3.49E-03,-3.40E-02,,,,
-3.48E-03,-3.40E-02,,,,
-3.48E-03,-3.40E-02,,,,
-3.48E-03,-3.40E-02,,,,
-3.48E-03,-3.40E-02,,,,
-3.48E-03,-3.40E-02,,,,
-3.47E-03,-3.40E-02,,,,
-3.47E-03,-3.40E-02,,,,
-3.47E-03,-3.60E-02,,,,
-3.47E-03,-3.60E-02,,,,
-3.47E-03,-3.60E-02,,,,
-3.46E-03,-3.60E-02,,,,
-3.46E-03,-3.60E-02,,,,
-3.46E-03,-3.60E-02,,,,
-3.46E-03,-3.60E-02,,,,
-3.46E-03,-3.60E-02,,,,
-3.45E-03,-3.60E-02,,,,
-3.45E-03,-3.60E-02,,,,
-3.45E-03,-3.60E-02,,,,
-3.45E-03,-3.60E-02,,,,
-3.45E-03,-3.60E-02,,,,
-3.44E-03,-3.60E-02,,,,
-3.44E-03,-3.60E-02,,,,
-3.44E-03,-3.60E-02,,,,
-3.44E-03,-3.60E-02,,,,
-3.44E-03,-3.60E-02,,,,
-3.43E-03,-3.60E-02,,,,
-3.43E-03,-3.60E-02,,,,
-3.43E-03,-3.60E-02,,,,
-3.43E-03,-3.60E-02,,,,
-3.43E-03,-3.60E-02,,,,
-3.42E-03,-3.60E-02,,,,
-3.42E-03,-3.60E-02,,,,
-3.42E-03,-3.60E-02,,,,
-3.42E-03,-3.80E-02,,,,
-3.42E-03,-3.80E-02,,,,
-3.41E-03,-3.80E-02,,,,
-3.41E-03,-3.80E-02,,,,
-3.41E-03,-3.60E-02,,,,
-3.41E-03,-3.60E-02,,,,
-3.41E-03,-3.60E-02,,,,
-3.40E-03,-3.60E-02,,,,
-3.40E-03,-3.80E-02,,,,
-3.40E-03,-3.80E-02,,,,
-3.40E-03,-3.80E-02,,,,
-3.40E-03,-3.80E-02,,,,
-3.39E-03,-3.80E-02,,,,
-3.39E-03,-3.80E-02,,,,
-3.39E-03,-3.60E-02,,,,
-3.39E-03,-3.60E-02,,,,
-3.39E-03,-3.80E-02,,,,
-3.38E-03,-3.80E-02,,,,
-3.38E-03,-3.80E-02,,,,
-3.38E-03,-3.80E-02,,,,
-3.38E-03,-3.80E-02,,,,
-3.38E-03,-3.80E-02,,,,
-3.37E-03,-3.80E-02,,,,
-3.37E-03,-3.80E-02,,,,
-3.37E-03,-3.80E-02,,,,
-3.37E-03,-3.80E-02,,,,
-3.37E-03,-4.00E-02,,,,
-3.36E-03,-4.00E-02,,,,
-3.36E-03,-3.80E-02,,,,
-3.36E-03,-3.80E-02,,,,
-3.36E-03,-4.00E-02,,,,
-3.36E-03,-4.00E-02,,,,
-3.35E-03,-3.80E-02,,,,
-3.35E-03,-3.80E-02,,,,
-3.35E-03,-3.80E-02,,,,
-3.35E-03,-3.80E-02,,,,
-3.35E-03,-4.00E-02,,,,
-3.34E-03,-4.00E-02,,,,
-3.34E-03,-4.00E-02,,,,
-3.34E-03,-4.00E-02,,,,
-3.34E-03,-4.00E-02,,,,
-3.34E-03,-4.00E-02,,,,
-3.33E-03,-3.80E-02,,,,
-3.33E-03,-3.80E-02,,,,
-3.33E-03,-3.80E-02,,,,
-3.33E-03,-3.80E-02,,,,
-3.33E-03,-4.00E-02,,,,
-3.32E-03,-4.00E-02,,,,
-3.32E-03,-4.20E-02,,,,
-3.32E-03,-4.20E-02,,,,
-3.32E-03,-4.00E-02,,,,
-3.32E-03,-4.00E-02,,,,
-3.31E-03,-4.00E-02,,,,
-3.31E-03,-4.00E-02,,,,
-3.31E-03,-3.80E-02,,,,
-3.31E-03,-3.80E-02,,,,
-3.31E-03,-4.00E-02,,,,
-3.30E-03,-4.00E-02,,,,
-3.30E-03,-4.00E-02,,,,
-3.30E-03,-4.00E-02,,,,
-3.30E-03,-4.20E-02,,,,
-3.30E-03,-4.20E-02,,,,
-3.29E-03,-4.00E-02,,,,
-3.29E-03,-4.00E-02,,,,
-3.29E-03,-4.40E-02,,,,
-3.29E-03,-4.40E-02,,,,
-3.29E-03,-4.20E-02,,,,
-3.28E-03,-4.20E-02,,,,
-3.28E-03,-4.20E-02,,,,
-3.28E-03,-4.20E-02,,,,
-3.28E-03,-4.20E-02,,,,
-3.28E-03,-4.20E-02,,,,
-3.27E-03,-4.00E-02,,,,
-3.27E-03,-4.00E-02,,,,
-3.27E-03,-4.00E-02,,,,
-3.27E-03,-4.00E-02,,,,
-3.27E-03,-4.00E-02,,,,
-3.26E-03,-4.00E-02,,,,
-3.26E-03,-4.40E-02,,,,
-3.26E-03,-4.40E-02,,,,
-3.26E-03,-4.20E-02,,,,
-3.26E-03,-4.20E-02,,,,
-3.25E-03,-4.20E-02,,,,
-3.25E-03,-4.20E-02,,,,
-3.25E-03,-4.20E-02,,,,
-3.25E-03,-4.20E-02,,,,
-3.25E-03,-4.20E-02,,,,
-3.24E-03,-4.20E-02,,,,
-3.24E-03,-4.40E-02,,,,
-3.24E-03,-4.40E-02,,,,
-3.24E-03,-4.40E-02,,,,
-3.24E-03,-4.40E-02,,,,
-3.23E-03,-4.20E-02,,,,
-3.23E-03,-4.20E-02,,,,
-3.23E-03,-4.40E-02,,,,
-3.23E-03,-4.40E-02,,,,
-3.23E-03,-4.40E-02,,,,
-3.22E-03,-4.40E-02,,,,
-3.22E-03,-4.20E-02,,,,
-3.22E-03,-4.20E-02,,,,
-3.22E-03,-4.40E-02,,,,
-3.22E-03,-4.40E-02,,,,
-3.21E-03,-4.40E-02,,,,
-3.21E-03,-4.40E-02,,,,
-3.21E-03,-4.40E-02,,,,
-3.21E-03,-4.40E-02,,,,
-3.21E-03,-4.40E-02,,,,
-3.20E-03,-4.40E-02,,,,
-3.20E-03,-4.40E-02,,,,
-3.20E-03,-4.40E-02,,,,
-3.20E-03,-4.40E-02,,,,
-3.20E-03,-4.40E-02,,,,
-3.19E-03,-4.40E-02,,,,
-3.19E-03,-4.40E-02,,,,
-3.19E-03,-4.40E-02,,,,
-3.19E-03,-4.40E-02,,,,
-3.19E-03,-4.60E-02,,,,
-3.18E-03,-4.60E-02,,,,
-3.18E-03,-4.60E-02,,,,
-3.18E-03,-4.60E-02,,,,
-3.18E-03,-4.60E-02,,,,
-3.18E-03,-4.60E-02,,,,
-3.17E-03,-4.40E-02,,,,
-3.17E-03,-4.40E-02,,,,
-3.17E-03,-4.60E-02,,,,
-3.17E-03,-4.60E-02,,,,
-3.17E-03,-4.60E-02,,,,
-3.16E-03,-4.60E-02,,,,
-3.16E-03,-4.40E-02,,,,
-3.16E-03,-4.40E-02,,,,
-3.16E-03,-4.40E-02,,,,
-3.16E-03,-4.40E-02,,,,
-3.15E-03,-4.60E-02,,,,
-3.15E-03,-4.60E-02,,,,
-3.15E-03,-5.00E-02,,,,
-3.15E-03,-5.00E-02,,,,
-3.15E-03,-4.80E-02,,,,
-3.14E-03,-4.80E-02,,,,
-3.14E-03,-4.60E-02,,,,
-3.14E-03,-4.60E-02,,,,
-3.14E-03,-4.80E-02,,,,
-3.14E-03,-4.80E-02,,,,
-3.13E-03,-4.80E-02,,,,
-3.13E-03,-4.80E-02,,,,
-3.13E-03,-4.60E-02,,,,
-3.13E-03,-4.60E-02,,,,
-3.13E-03,-4.60E-02,,,,
-3.12E-03,-4.60E-02,,,,
-3.12E-03,-4.60E-02,,,,
-3.12E-03,-4.60E-02,,,,
-3.12E-03,-4.80E-02,,,,
-3.12E-03,-4.80E-02,,,,
-3.11E-03,-4.40E-02,,,,
-3.11E-03,-4.40E-02,,,,
-3.11E-03,-4.80E-02,,,,
-3.11E-03,-4.80E-02,,,,
-3.11E-03,-4.80E-02,,,,
-3.10E-03,-4.80E-02,,,,
-3.10E-03,-4.60E-02,,,,
-3.10E-03,-4.60E-02,,,,
-3.10E-03,-5.00E-02,,,,
-3.10E-03,-5.00E-02,,,,
-3.09E-03,-5.00E-02,,,,
-3.09E-03,-5.00E-02,,,,
-3.09E-03,-5.00E-02,,,,
-3.09E-03,-5.00E-02,,,,
-3.09E-03,-5.00E-02,,,,
-3.08E-03,-5.00E-02,,,,
-3.08E-03,-4.80E-02,,,,
-3.08E-03,-4.80E-02,,,,
-3.08E-03,-5.00E-02,,,,
-3.08E-03,-5.00E-02,,,,
-3.07E-03,-4.80E-02,,,,
-3.07E-03,-4.80E-02,,,,
-3.07E-03,-5.00E-02,,,,
-3.07E-03,-5.00E-02,,,,
-3.07E-03,-5.00E-02,,,,
-3.06E-03,-5.00E-02,,,,
-3.06E-03,-5.00E-02,,,,
-3.06E-03,-5.00E-02,,,,
-3.06E-03,-5.00E-02,,,,
-3.06E-03,-5.00E-02,,,,
-3.05E-03,-5.00E-02,,,,
-3.05E-03,-5.00E-02,,,,
-3.05E-03,-5.00E-02,,,,
-3.05E-03,-5.00E-02,,,,
-3.05E-03,-5.00E-02,,,,
-3.04E-03,-5.00E-02,,,,
-3.04E-03,-5.00E-02,,,,
-3.04E-03,-5.00E-02,,,,
-3.04E-03,-5.00E-02,,,,
-3.04E-03,-5.00E-02,,,,
-3.03E-03,-5.00E-02,,,,
-3.03E-03,-5.00E-02,,,,
-3.03E-03,-4.80E-02,,,,
-3.03E-03,-4.80E-02,,,,
-3.03E-03,-5.20E-02,,,,
-3.02E-03,-5.20E-02,,,,
-3.02E-03,-5.20E-02,,,,
-3.02E-03,-5.20E-02,,,,
-3.02E-03,-5.20E-02,,,,
-3.02E-03,-5.20E-02,,,,
-3.01E-03,-5.20E-02,,,,
-3.01E-03,-5.20E-02,,,,
-3.01E-03,-5.20E-02,,,,
-3.01E-03,-5.20E-02,,,,
-3.01E-03,-5.20E-02,,,,
-3.00E-03,-5.20E-02,,,,
-3.00E-03,-4.80E-02,,,,
-3.00E-03,-4.80E-02,,,,
-3.00E-03,-5.00E-02,,,,
-3.00E-03,-5.00E-02,,,,
-2.99E-03,-5.20E-02,,,,
-2.99E-03,-5.20E-02,,,,
-2.99E-03,-5.20E-02,,,,
-2.99E-03,-5.20E-02,,,,
-2.99E-03,-5.40E-02,,,,
-2.98E-03,-5.40E-02,,,,
-2.98E-03,-5.20E-02,,,,
-2.98E-03,-5.20E-02,,,,
-2.98E-03,-5.20E-02,,,,
-2.98E-03,-5.20E-02,,,,
-2.97E-03,-5.20E-02,,,,
-2.97E-03,-5.20E-02,,,,
-2.97E-03,-5.20E-02,,,,
-2.97E-03,-5.20E-02,,,,
-2.97E-03,-5.60E-02,,,,
-2.96E-03,-5.60E-02,,,,
-2.96E-03,-5.20E-02,,,,
-2.96E-03,-5.20E-02,,,,
-2.96E-03,-5.20E-02,,,,
-2.96E-03,-5.20E-02,,,,
-2.95E-03,-5.20E-02,,,,
-2.95E-03,-5.20E-02,,,,
-2.95E-03,-5.20E-02,,,,
-2.95E-03,-5.20E-02,,,,
-2.95E-03,-5.40E-02,,,,
-2.94E-03,-5.40E-02,,,,
-2.94E-03,-5.60E-02,,,,
-2.94E-03,-5.60E-02,,,,
-2.94E-03,-5.60E-02,,,,
-2.94E-03,-5.60E-02,,,,
-2.93E-03,-5.40E-02,,,,
-2.93E-03,-5.40E-02,,,,
-2.93E-03,-5.40E-02,,,,
-2.93E-03,-5.40E-02,,,,
-2.93E-03,-5.60E-02,,,,
-2.92E-03,-5.60E-02,,,,
-2.92E-03,-5.40E-02,,,,
-2.92E-03,-5.40E-02,,,,
-2.92E-03,-5.60E-02,,,,
-2.92E-03,-5.60E-02,,,,
-2.91E-03,-5.60E-02,,,,
-2.91E-03,-5.60E-02,,,,
-2.91E-03,-5.40E-02,,,,
-2.91E-03,-5.40E-02,,,,
-2.91E-03,-5.60E-02,,,,
-2.90E-03,-5.60E-02,,,,
-2.90E-03,-5.80E-02,,,,
-2.90E-03,-5.80E-02,,,,
-2.90E-03,-5.60E-02,,,,
-2.90E-03,-5.60E-02,,,,
-2.89E-03,-5.40E-02,,,,
-2.89E-03,-5.40E-02,,,,
-2.89E-03,-5.80E-02,,,,
-2.89E-03,-5.80E-02,,,,
-2.89E-03,-5.60E-02,,,,
-2.88E-03,-5.60E-02,,,,
-2.88E-03,-5.80E-02,,,,
-2.88E-03,-5.80E-02,,,,
-2.88E-03,-5.80E-02,,,,
-2.88E-03,-5.80E-02,,,,
-2.87E-03,-5.80E-02,,,,
-2.87E-03,-5.80E-02,,,,
-2.87E-03,-5.80E-02,,,,
-2.87E-03,-5.80E-02,,,,
-2.87E-03,-5.60E-02,,,,
-2.86E-03,-5.60E-02,,,,
-2.86E-03,-5.60E-02,,,,
-2.86E-03,-5.60E-02,,,,
-2.86E-03,-5.80E-02,,,,
-2.86E-03,-5.80E-02,,,,
-2.85E-03,-5.60E-02,,,,
-2.85E-03,-5.60E-02,,,,
-2.85E-03,-5.80E-02,,,,
-2.85E-03,-5.80E-02,,,,
-2.85E-03,-6.00E-02,,,,
-2.84E-03,-6.00E-02,,,,
-2.84E-03,-5.80E-02,,,,
-2.84E-03,-5.80E-02,,,,
-2.84E-03,-5.80E-02,,,,
-2.84E-03,-5.80E-02,,,,
-2.83E-03,-6.00E-02,,,,
-2.83E-03,-6.00E-02,,,,
-2.83E-03,-6.00E-02,,,,
-2.83E-03,-6.00E-02,,,,
-2.83E-03,-6.00E-02,,,,
-2.82E-03,-6.00E-02,,,,
-2.82E-03,-6.20E-02,,,,
-2.82E-03,-6.20E-02,,,,
-2.82E-03,-6.00E-02,,,,
-2.82E-03,-6.00E-02,,,,
-2.81E-03,-6.00E-02,,,,
-2.81E-03,-6.00E-02,,,,
-2.81E-03,-5.80E-02,,,,
-2.81E-03,-5.80E-02,,,,
-2.81E-03,-6.00E-02,,,,
-2.80E-03,-6.00E-02,,,,
-2.80E-03,-6.20E-02,,,,
-2.80E-03,-6.20E-02,,,,
-2.80E-03,-6.00E-02,,,,
-2.80E-03,-6.00E-02,,,,
-2.79E-03,-6.20E-02,,,,
-2.79E-03,-6.20E-02,,,,
-2.79E-03,-5.80E-02,,,,
-2.79E-03,-5.80E-02,,,,
-2.79E-03,-6.00E-02,,,,
-2.78E-03,-6.00E-02,,,,
-2.78E-03,-6.00E-02,,,,
-2.78E-03,-6.00E-02,,,,
-2.78E-03,-6.20E-02,,,,
-2.78E-03,-6.20E-02,,,,
-2.77E-03,-6.20E-02,,,,
-2.77E-03,-6.20E-02,,,,
-2.77E-03,-6.20E-02,,,,
-2.77E-03,-6.20E-02,,,,
-2.77E-03,-6.00E-02,,,,
-2.76E-03,-6.00E-02,,,,
-2.76E-03,-6.20E-02,,,,
-2.76E-03,-6.20E-02,,,,
-2.76E-03,-6.20E-02,,,,
-2.76E-03,-6.20E-02,,,,
-2.75E-03,-6.20E-02,,,,
-2.75E-03,-6.20E-02,,,,
-2.75E-03,-6.20E-02,,,,
-2.75E-03,-6.20E-02,,,,
-2.75E-03,-6.20E-02,,,,
-2.74E-03,-6.20E-02,,,,
-2.74E-03,-6.20E-02,,,,
-2.74E-03,-6.20E-02,,,,
-2.74E-03,-6.40E-02,,,,
-2.74E-03,-6.40E-02,,,,
-2.73E-03,-6.20E-02,,,,
-2.73E-03,-6.20E-02,,,,
-2.73E-03,-6.20E-02,,,,
-2.73E-03,-6.20E-02,,,,
-2.73E-03,-6.60E-02,,,,
-2.72E-03,-6.60E-02,,,,
-2.72E-03,-6.20E-02,,,,
-2.72E-03,-6.20E-02,,,,
-2.72E-03,-6.20E-02,,,,
-2.72E-03,-6.20E-02,,,,
-2.71E-03,-6.20E-02,,,,
-2.71E-03,-6.20E-02,,,,
-2.71E-03,-6.20E-02,,,,
-2.71E-03,-6.20E-02,,,,
-2.71E-03,-6.60E-02,,,,
-2.70E-03,-6.60E-02,,,,
-2.70E-03,-6.60E-02,,,,
-2.70E-03,-6.60E-02,,,,
-2.70E-03,-6.60E-02,,,,
-2.70E-03,-6.60E-02,,,,
-2.69E-03,-6.20E-02,,,,
-2.69E-03,-6.20E-02,,,,
-2.69E-03,-6.60E-02,,,,
-2.69E-03,-6.60E-02,,,,
-2.69E-03,-6.60E-02,,,,
-2.68E-03,-6.60E-02,,,,
-2.68E-03,-6.60E-02,,,,
-2.68E-03,-6.60E-02,,,,
-2.68E-03,-6.20E-02,,,,
-2.68E-03,-6.20E-02,,,,
-2.67E-03,-6.60E-02,,,,
-2.67E-03,-6.60E-02,,,,
-2.67E-03,-6.40E-02,,,,
-2.67E-03,-6.40E-02,,,,
-2.67E-03,-6.40E-02,,,,
-2.66E-03,-6.40E-02,,,,
-2.66E-03,-6.60E-02,,,,
-2.66E-03,-6.60E-02,,,,
-2.66E-03,-6.40E-02,,,,
-2.66E-03,-6.40E-02,,,,
-2.65E-03,-6.60E-02,,,,
-2.65E-03,-6.60E-02,,,,
-2.65E-03,-6.80E-02,,,,
-2.65E-03,-6.80E-02,,,,
-2.65E-03,-6.60E-02,,,,
-2.64E-03,-6.60E-02,,,,
-2.64E-03,-6.60E-02,,,,
-2.64E-03,-6.60E-02,,,,
-2.64E-03,-6.60E-02,,,,
-2.64E-03,-6.60E-02,,,,
-2.63E-03,-6.60E-02,,,,
-2.63E-03,-6.60E-02,,,,
-2.63E-03,-6.60E-02,,,,
-2.63E-03,-6.60E-02,,,,
-2.63E-03,-6.60E-02,,,,
-2.62E-03,-6.60E-02,,,,
-2.62E-03,-6.60E-02,,,,
-2.62E-03,-6.60E-02,,,,
-2.62E-03,-6.60E-02,,,,
-2.62E-03,-6.60E-02,,,,
-2.61E-03,-6.80E-02,,,,
-2.61E-03,-6.80E-02,,,,
-2.61E-03,-6.80E-02,,,,
-2.61E-03,-6.80E-02,,,,
-2.61E-03,-6.80E-02,,,,
-2.60E-03,-6.80E-02,,,,
-2.60E-03,-6.80E-02,,,,
-2.60E-03,-6.80E-02,,,,
-2.60E-03,-6.80E-02,,,,
-2.60E-03,-6.80E-02,,,,
-2.59E-03,-6.80E-02,,,,
-2.59E-03,-6.80E-02,,,,
-2.59E-03,-7.00E-02,,,,
-2.59E-03,-7.00E-02,,,,
-2.59E-03,-6.80E-02,,,,
-2.58E-03,-6.80E-02,,,,
-2.58E-03,-6.80E-02,,,,
-2.58E-03,-6.80E-02,,,,
-2.58E-03,-6.80E-02,,,,
-2.58E-03,-6.80E-02,,,,
-2.57E-03,-7.00E-02,,,,
-2.57E-03,-7.00E-02,,,,
-2.57E-03,-6.80E-02,,,,
-2.57E-03,-6.80E-02,,,,
-2.57E-03,-6.80E-02,,,,
-2.56E-03,-6.80E-02,,,,
-2.56E-03,-7.00E-02,,,,
-2.56E-03,-7.00E-02,,,,
-2.56E-03,-7.00E-02,,,,
-2.56E-03,-7.00E-02,,,,
-2.55E-03,-7.00E-02,,,,
-2.55E-03,-7.00E-02,,,,
-2.55E-03,-7.00E-02,,,,
-2.55E-03,-7.00E-02,,,,
-2.55E-03,-6.80E-02,,,,
-2.54E-03,-6.80E-02,,,,
-2.54E-03,-7.00E-02,,,,
-2.54E-03,-7.00E-02,,,,
-2.54E-03,-7.00E-02,,,,
-2.54E-03,-7.00E-02,,,,
-2.53E-03,-7.00E-02,,,,
-2.53E-03,-7.00E-02,,,,
-2.53E-03,-6.80E-02,,,,
-2.53E-03,-6.80E-02,,,,
-2.53E-03,-7.20E-02,,,,
-2.52E-03,-7.20E-02,,,,
-2.52E-03,-7.00E-02,,,,
-2.52E-03,-7.00E-02,,,,
-2.52E-03,-7.00E-02,,,,
-2.52E-03,-7.00E-02,,,,
-2.51E-03,-7.00E-02,,,,
-2.51E-03,-7.00E-02,,,,
-2.51E-03,-7.00E-02,,,,
-2.51E-03,-7.00E-02,,,,
-2.51E-03,-7.20E-02,,,,
-2.50E-03,-7.20E-02,,,,
-2.50E-03,-7.00E-02,,,,
-2.50E-03,-7.00E-02,,,,
-2.50E-03,-7.20E-02,,,,
-2.50E-03,-7.20E-02,,,,
-2.49E-03,-7.20E-02,,,,
-2.49E-03,-7.20E-02,,,,
-2.49E-03,-7.00E-02,,,,
-2.49E-03,-7.00E-02,,,,
-2.49E-03,-7.20E-02,,,,
-2.48E-03,-7.20E-02,,,,
-2.48E-03,-7.00E-02,,,,
-2.48E-03,-7.00E-02,,,,
-2.48E-03,-6.80E-02,,,,
-2.48E-03,-6.80E-02,,,,
-2.47E-03,-7.20E-02,,,,
-2.47E-03,-7.20E-02,,,,
-2.47E-03,-7.20E-02,,,,
-2.47E-03,-7.20E-02,,,,
-2.47E-03,-7.20E-02,,,,
-2.46E-03,-7.20E-02,,,,
-2.46E-03,-7.20E-02,,,,
-2.46E-03,-7.20E-02,,,,
-2.46E-03,-7.20E-02,,,,
-2.46E-03,-7.20E-02,,,,
-2.45E-03,-7.20E-02,,,,
-2.45E-03,-7.20E-02,,,,
-2.45E-03,-7.20E-02,,,,
-2.45E-03,-7.20E-02,,,,
-2.45E-03,-7.20E-02,,,,
-2.44E-03,-7.20E-02,,,,
-2.44E-03,-7.20E-02,,,,
-2.44E-03,-7.20E-02,,,,
-2.44E-03,-7.20E-02,,,,
-2.44E-03,-7.20E-02,,,,
-2.43E-03,-7.40E-02,,,,
-2.43E-03,-7.40E-02,,,,
-2.43E-03,-7.20E-02,,,,
-2.43E-03,-7.20E-02,,,,
-2.43E-03,-7.40E-02,,,,
-2.42E-03,-7.40E-02,,,,
-2.42E-03,-7.20E-02,,,,
-2.42E-03,-7.20E-02,,,,
-2.42E-03,-7.40E-02,,,,
-2.42E-03,-7.40E-02,,,,
-2.41E-03,-7.20E-02,,,,
-2.41E-03,-7.20E-02,,,,
-2.41E-03,-7.40E-02,,,,
-2.41E-03,-7.40E-02,,,,
-2.41E-03,-7.20E-02,,,,
-2.40E-03,-7.20E-02,,,,
-2.40E-03,-7.40E-02,,,,
-2.40E-03,-7.40E-02,,,,
-2.40E-03,-7.40E-02,,,,
-2.40E-03,-7.40E-02,,,,
-2.39E-03,-7.60E-02,,,,
-2.39E-03,-7.60E-02,,,,
-2.39E-03,-7.40E-02,,,,
-2.39E-03,-7.40E-02,,,,
-2.39E-03,-7.40E-02,,,,
-2.38E-03,-7.40E-02,,,,
-2.38E-03,-7.40E-02,,,,
-2.38E-03,-7.40E-02,,,,
-2.38E-03,-7.40E-02,,,,
-2.38E-03,-7.40E-02,,,,
-2.37E-03,-7.40E-02,,,,
-2.37E-03,-7.40E-02,,,,
-2.37E-03,-7.40E-02,,,,
-2.37E-03,-7.40E-02,,,,
-2.37E-03,-7.40E-02,,,,
-2.36E-03,-7.40E-02,,,,
-2.36E-03,-7.60E-02,,,,
-2.36E-03,-7.60E-02,,,,
-2.36E-03,-7.80E-02,,,,
-2.36E-03,-7.80E-02,,,,
-2.35E-03,-7.60E-02,,,,
-2.35E-03,-7.60E-02,,,,
-2.35E-03,-7.80E-02,,,,
-2.35E-03,-7.80E-02,,,,
-2.35E-03,-7.60E-02,,,,
-2.34E-03,-7.60E-02,,,,
-2.34E-03,-7.60E-02,,,,
-2.34E-03,-7.60E-02,,,,
-2.34E-03,-7.60E-02,,,,
-2.34E-03,-7.60E-02,,,,
-2.33E-03,-7.80E-02,,,,
-2.33E-03,-7.80E-02,,,,
-2.33E-03,-7.40E-02,,,,
-2.33E-03,-7.40E-02,,,,
-2.33E-03,-7.60E-02,,,,
-2.32E-03,-7.60E-02,,,,
-2.32E-03,-7.60E-02,,,,
-2.32E-03,-7.60E-02,,,,
-2.32E-03,-7.60E-02,,,,
-2.32E-03,-7.60E-02,,,,
-2.31E-03,-7.80E-02,,,,
-2.31E-03,-7.80E-02,,,,
-2.31E-03,-7.80E-02,,,,
-2.31E-03,-7.80E-02,,,,
-2.31E-03,-7.60E-02,,,,
-2.30E-03,-7.60E-02,,,,
-2.30E-03,-7.60E-02,,,,
-2.30E-03,-7.60E-02,,,,
-2.30E-03,-7.80E-02,,,,
-2.30E-03,-7.80E-02,,,,
-2.29E-03,-7.60E-02,,,,
-2.29E-03,-7.60E-02,,,,
-2.29E-03,-7.80E-02,,,,
-2.29E-03,-7.80E-02,,,,
-2.29E-03,-8.00E-02,,,,
-2.28E-03,-8.00E-02,,,,
-2.28E-03,-7.80E-02,,,,
-2.28E-03,-7.80E-02,,,,
-2.28E-03,-7.80E-02,,,,
-2.28E-03,-7.80E-02,,,,
-2.27E-03,-8.00E-02,,,,
-2.27E-03,-8.00E-02,,,,
-2.27E-03,-8.00E-02,,,,
-2.27E-03,-8.00E-02,,,,
-2.27E-03,-8.00E-02,,,,
-2.26E-03,-8.00E-02,,,,
-2.26E-03,-7.80E-02,,,,
-2.26E-03,-7.80E-02,,,,
-2.26E-03,-8.00E-02,,,,
-2.26E-03,-8.00E-02,,,,
-2.25E-03,-8.00E-02,,,,
-2.25E-03,-8.00E-02,,,,
-2.25E-03,-8.00E-02,,,,
-2.25E-03,-8.00E-02,,,,
-2.25E-03,-8.00E-02,,,,
-2.24E-03,-8.00E-02,,,,
-2.24E-03,-7.80E-02,,,,
-2.24E-03,-7.80E-02,,,,
-2.24E-03,-7.80E-02,,,,
-2.24E-03,-7.80E-02,,,,
-2.23E-03,-8.00E-02,,,,
-2.23E-03,-8.00E-02,,,,
-2.23E-03,-8.00E-02,,,,
-2.23E-03,-8.00E-02,,,,
-2.23E-03,-8.20E-02,,,,
-2.22E-03,-8.20E-02,,,,
-2.22E-03,-8.20E-02,,,,
-2.22E-03,-8.20E-02,,,,
-2.22E-03,-8.00E-02,,,,
-2.22E-03,-8.00E-02,,,,
-2.21E-03,-8.00E-02,,,,
-2.21E-03,-8.00E-02,,,,
-2.21E-03,-8.20E-02,,,,
-2.21E-03,-8.20E-02,,,,
-2.21E-03,-8.00E-02,,,,
-2.20E-03,-8.00E-02,,,,
-2.20E-03,-8.00E-02,,,,
-2.20E-03,-8.00E-02,,,,
-2.20E-03,-8.20E-02,,,,
-2.20E-03,-8.20E-02,,,,
-2.19E-03,-8.20E-02,,,,
-2.19E-03,-8.20E-02,,,,
-2.19E-03,-8.20E-02,,,,
-2.19E-03,-8.20E-02,,,,
-2.19E-03,-8.20E-02,,,,
-2.18E-03,-8.20E-02,,,,
-2.18E-03,-8.20E-02,,,,
-2.18E-03,-8.20E-02,,,,
-2.18E-03,-8.00E-02,,,,
-2.18E-03,-8.00E-02,,,,
-2.17E-03,-8.00E-02,,,,
-2.17E-03,-8.00E-02,,,,
-2.17E-03,-8.20E-02,,,,
-2.17E-03,-8.20E-02,,,,
-2.17E-03,-7.80E-02,,,,
-2.16E-03,-7.80E-02,,,,
-2.16E-03,-8.20E-02,,,,
-2.16E-03,-8.20E-02,,,,
-2.16E-03,-8.00E-02,,,,
-2.16E-03,-8.00E-02,,,,
-2.15E-03,-8.00E-02,,,,
-2.15E-03,-8.00E-02,,,,
-2.15E-03,-7.80E-02,,,,
-2.15E-03,-7.80E-02,,,,
-2.15E-03,-8.00E-02,,,,
-2.14E-03,-8.00E-02,,,,
-2.14E-03,-8.00E-02,,,,
-2.14E-03,-8.00E-02,,,,
-2.14E-03,-8.00E-02,,,,
-2.14E-03,-8.00E-02,,,,
-2.13E-03,-8.00E-02,,,,
-2.13E-03,-8.00E-02,,,,
-2.13E-03,-8.00E-02,,,,
-2.13E-03,-8.00E-02,,,,
-2.13E-03,-8.00E-02,,,,
-2.12E-03,-8.00E-02,,,,
-2.12E-03,-7.60E-02,,,,
-2.12E-03,-7.60E-02,,,,
-2.12E-03,-8.00E-02,,,,
-2.12E-03,-8.00E-02,,,,
-2.11E-03,-7.80E-02,,,,
-2.11E-03,-7.80E-02,,,,
-2.11E-03,-7.60E-02,,,,
-2.11E-03,-7.60E-02,,,,
-2.11E-03,-7.60E-02,,,,
-2.10E-03,-7.60E-02,,,,
-2.10E-03,-7.60E-02,,,,
-2.10E-03,-7.60E-02,,,,
-2.10E-03,-7.80E-02,,,,
-2.10E-03,-7.80E-02,,,,
-2.09E-03,-8.00E-02,,,,
-2.09E-03,-8.00E-02,,,,
-2.09E-03,-7.80E-02,,,,
-2.09E-03,-7.80E-02,,,,
-2.09E-03,-7.80E-02,,,,
-2.08E-03,-7.80E-02,,,,
-2.08E-03,-7.80E-02,,,,
-2.08E-03,-7.80E-02,,,,
-2.08E-03,-7.60E-02,,,,
-2.08E-03,-7.60E-02,,,,
-2.07E-03,-7.60E-02,,,,
-2.07E-03,-7.60E-02,,,,
-2.07E-03,-7.60E-02,,,,
-2.07E-03,-7.60E-02,,,,
-2.07E-03,-7.60E-02,,,,
-2.06E-03,-7.60E-02,,,,
-2.06E-03,-7.60E-02,,,,
-2.06E-03,-7.60E-02,,,,
-2.06E-03,-7.60E-02,,,,
-2.06E-03,-7.60E-02,,,,
-2.05E-03,-7.80E-02,,,,
-2.05E-03,-7.80E-02,,,,
-2.05E-03,-7.80E-02,,,,
-2.05E-03,-7.80E-02,,,,
-2.05E-03,-7.60E-02,,,,
-2.04E-03,-7.60E-02,,,,
-2.04E-03,-7.60E-02,,,,
-2.04E-03,-7.60E-02,,,,
-2.04E-03,-7.60E-02,,,,
-2.04E-03,-7.60E-02,,,,
-2.03E-03,-7.40E-02,,,,
-2.03E-03,-7.40E-02,,,,
-2.03E-03,-7.60E-02,,,,
-2.03E-03,-7.60E-02,,,,
-2.03E-03,-7.40E-02,,,,
-2.02E-03,-7.40E-02,,,,
-2.02E-03,-7.40E-02,,,,
-2.02E-03,-7.40E-02,,,,
-2.02E-03,-7.40E-02,,,,
-2.02E-03,-7.40E-02,,,,
-2.01E-03,-7.20E-02,,,,
-2.01E-03,-7.20E-02,,,,
-2.01E-03,-7.40E-02,,,,
-2.01E-03,-7.40E-02,,,,
-2.01E-03,-7.60E-02,,,,
-2.00E-03,-7.60E-02,,,,
-2.00E-03,-7.40E-02,,,,
-2.00E-03,-7.40E-02,,,,
-2.00E-03,-7.40E-02,,,,
-2.00E-03,-7.40E-02,,,,
-1.99E-03,-7.20E-02,,,,
-1.99E-03,-7.20E-02,,,,
-1.99E-03,-7.60E-02,,,,
-1.99E-03,-7.60E-02,,,,
-1.99E-03,-7.40E-02,,,,
-1.98E-03,-7.40E-02,,,,
-1.98E-03,-7.40E-02,,,,
-1.98E-03,-7.40E-02,,,,
-1.98E-03,-7.40E-02,,,,
-1.98E-03,-7.40E-02,,,,
-1.97E-03,-7.40E-02,,,,
-1.97E-03,-7.40E-02,,,,
-1.97E-03,-7.20E-02,,,,
-1.97E-03,-7.20E-02,,,,
-1.97E-03,-7.20E-02,,,,
-1.96E-03,-7.20E-02,,,,
-1.96E-03,-7.20E-02,,,,
-1.96E-03,-7.20E-02,,,,
-1.96E-03,-7.20E-02,,,,
-1.96E-03,-7.20E-02,,,,
-1.95E-03,-7.20E-02,,,,
-1.95E-03,-7.20E-02,,,,
-1.95E-03,-7.40E-02,,,,
-1.95E-03,-7.40E-02,,,,
-1.95E-03,-7.20E-02,,,,
-1.94E-03,-7.20E-02,,,,
-1.94E-03,-7.20E-02,,,,
-1.94E-03,-7.20E-02,,,,
-1.94E-03,-7.20E-02,,,,
-1.94E-03,-7.20E-02,,,,
-1.93E-03,-7.20E-02,,,,
-1.93E-03,-7.20E-02,,,,
-1.93E-03,-7.20E-02,,,,
-1.93E-03,-7.20E-02,,,,
-1.93E-03,-7.20E-02,,,,
-1.92E-03,-7.20E-02,,,,
-1.92E-03,-7.40E-02,,,,
-1.92E-03,-7.40E-02,,,,
-1.92E-03,-7.20E-02,,,,
-1.92E-03,-7.20E-02,,,,
-1.91E-03,-6.80E-02,,,,
-1.91E-03,-6.80E-02,,,,
-1.91E-03,-7.00E-02,,,,
-1.91E-03,-7.00E-02,,,,
-1.91E-03,-7.20E-02,,,,
-1.90E-03,-7.20E-02,,,,
-1.90E-03,-6.80E-02,,,,
-1.90E-03,-6.80E-02,,,,
-1.90E-03,-7.20E-02,,,,
-1.90E-03,-7.20E-02,,,,
-1.89E-03,-7.20E-02,,,,
-1.89E-03,-7.20E-02,,,,
-1.89E-03,-7.20E-02,,,,
-1.89E-03,-7.20E-02,,,,
-1.89E-03,-7.00E-02,,,,
-1.88E-03,-7.00E-02,,,,
-1.88E-03,-7.00E-02,,,,
-1.88E-03,-7.00E-02,,,,
-1.88E-03,-7.00E-02,,,,
-1.88E-03,-7.00E-02,,,,
-1.87E-03,-7.20E-02,,,,
-1.87E-03,-7.20E-02,,,,
-1.87E-03,-7.20E-02,,,,
-1.87E-03,-7.20E-02,,,,
-1.87E-03,-7.00E-02,,,,
-1.86E-03,-7.00E-02,,,,
-1.86E-03,-7.20E-02,,,,
-1.86E-03,-7.20E-02,,,,
-1.86E-03,-7.00E-02,,,,
-1.86E-03,-7.00E-02,,,,
-1.85E-03,-7.00E-02,,,,
-1.85E-03,-7.00E-02,,,,
-1.85E-03,-7.00E-02,,,,
-1.85E-03,-7.00E-02,,,,
-1.85E-03,-7.00E-02,,,,
-1.84E-03,-7.00E-02,,,,
-1.84E-03,-7.00E-02,,,,
-1.84E-03,-7.00E-02,,,,
-1.84E-03,-7.00E-02,,,,
-1.84E-03,-7.00E-02,,,,
-1.83E-03,-7.20E-02,,,,
-1.83E-03,-7.20E-02,,,,
-1.83E-03,-7.00E-02,,,,
-1.83E-03,-7.00E-02,,,,
-1.83E-03,-6.80E-02,,,,
-1.82E-03,-6.80E-02,,,,
-1.82E-03,-7.00E-02,,,,
-1.82E-03,-7.00E-02,,,,
-1.82E-03,-6.80E-02,,,,
-1.82E-03,-6.80E-02,,,,
-1.81E-03,-6.80E-02,,,,
-1.81E-03,-6.80E-02,,,,
-1.81E-03,-6.80E-02,,,,
-1.81E-03,-6.80E-02,,,,
-1.81E-03,-6.80E-02,,,,
-1.80E-03,-6.80E-02,,,,
-1.80E-03,-6.80E-02,,,,
-1.80E-03,-6.80E-02,,,,
-1.80E-03,-6.80E-02,,,,
-1.80E-03,-6.80E-02,,,,
-1.79E-03,-6.60E-02,,,,
-1.79E-03,-6.60E-02,,,,
-1.79E-03,-6.80E-02,,,,
-1.79E-03,-6.80E-02,,,,
-1.79E-03,-6.60E-02,,,,
-1.78E-03,-6.60E-02,,,,
-1.78E-03,-6.60E-02,,,,
-1.78E-03,-6.60E-02,,,,
-1.78E-03,-6.60E-02,,,,
-1.78E-03,-6.60E-02,,,,
-1.77E-03,-6.80E-02,,,,
-1.77E-03,-6.80E-02,,,,
-1.77E-03,-6.60E-02,,,,
-1.77E-03,-6.60E-02,,,,
-1.77E-03,-6.80E-02,,,,
-1.76E-03,-6.80E-02,,,,
-1.76E-03,-6.80E-02,,,,
-1.76E-03,-6.80E-02,,,,
-1.76E-03,-6.60E-02,,,,
-1.76E-03,-6.60E-02,,,,
-1.75E-03,-6.60E-02,,,,
-1.75E-03,-6.60E-02,,,,
-1.75E-03,-6.60E-02,,,,
-1.75E-03,-6.60E-02,,,,
-1.75E-03,-6.60E-02,,,,
-1.74E-03,-6.60E-02,,,,
-1.74E-03,-6.60E-02,,,,
-1.74E-03,-6.60E-02,,,,
-1.74E-03,-6.60E-02,,,,
-1.74E-03,-6.60E-02,,,,
-1.73E-03,-6.80E-02,,,,
-1.73E-03,-6.80E-02,,,,
-1.73E-03,-6.60E-02,,,,
-1.73E-03,-6.60E-02,,,,
-1.73E-03,-6.60E-02,,,,
-1.72E-03,-6.60E-02,,,,
-1.72E-03,-6.20E-02,,,,
-1.72E-03,-6.20E-02,,,,
-1.72E-03,-6.40E-02,,,,
-1.72E-03,-6.40E-02,,,,
-1.71E-03,-6.40E-02,,,,
-1.71E-03,-6.40E-02,,,,
-1.71E-03,-6.40E-02,,,,
-1.71E-03,-6.40E-02,,,,
-1.71E-03,-6.40E-02,,,,
-1.70E-03,-6.40E-02,,,,
-1.70E-03,-6.60E-02,,,,
-1.70E-03,-6.60E-02,,,,
-1.70E-03,-6.40E-02,,,,
-1.70E-03,-6.40E-02,,,,
-1.69E-03,-6.20E-02,,,,
-1.69E-03,-6.20E-02,,,,
-1.69E-03,-6.40E-02,,,,
-1.69E-03,-6.40E-02,,,,
-1.69E-03,-6.40E-02,,,,
-1.68E-03,-6.40E-02,,,,
-1.68E-03,-6.40E-02,,,,
-1.68E-03,-6.40E-02,,,,
-1.68E-03,-6.40E-02,,,,
-1.68E-03,-6.40E-02,,,,
-1.67E-03,-6.40E-02,,,,
-1.67E-03,-6.40E-02,,,,
-1.67E-03,-6.20E-02,,,,
-1.67E-03,-6.20E-02,,,,
-1.67E-03,-6.20E-02,,,,
-1.66E-03,-6.20E-02,,,,
-1.66E-03,-6.40E-02,,,,
-1.66E-03,-6.40E-02,,,,
-1.66E-03,-6.20E-02,,,,
-1.66E-03,-6.20E-02,,,,
-1.65E-03,-6.20E-02,,,,
-1.65E-03,-6.20E-02,,,,
-1.65E-03,-6.20E-02,,,,
-1.65E-03,-6.20E-02,,,,
-1.65E-03,-6.00E-02,,,,
-1.64E-03,-6.00E-02,,,,
-1.64E-03,-6.40E-02,,,,
-1.64E-03,-6.40E-02,,,,
-1.64E-03,-6.00E-02,,,,
-1.64E-03,-6.00E-02,,,,
-1.63E-03,-6.20E-02,,,,
-1.63E-03,-6.20E-02,,,,
-1.63E-03,-6.40E-02,,,,
-1.63E-03,-6.40E-02,,,,
-1.63E-03,-6.20E-02,,,,
-1.62E-03,-6.20E-02,,,,
-1.62E-03,-6.00E-02,,,,
-1.62E-03,-6.00E-02,,,,
-1.62E-03,-6.00E-02,,,,
-1.62E-03,-6.00E-02,,,,
-1.61E-03,-6.00E-02,,,,
-1.61E-03,-6.00E-02,,,,
-1.61E-03,-6.00E-02,,,,
-1.61E-03,-6.00E-02,,,,
-1.61E-03,-5.80E-02,,,,
-1.60E-03,-5.80E-02,,,,
-1.60E-03,-6.00E-02,,,,
-1.60E-03,-6.00E-02,,,,
-1.60E-03,-6.20E-02,,,,
-1.60E-03,-6.20E-02,,,,
-1.59E-03,-6.00E-02,,,,
-1.59E-03,-6.00E-02,,,,
-1.59E-03,-5.80E-02,,,,
-1.59E-03,-5.80E-02,,,,
-1.59E-03,-6.00E-02,,,,
-1.58E-03,-6.00E-02,,,,
-1.58E-03,-5.80E-02,,,,
-1.58E-03,-5.80E-02,,,,
-1.58E-03,-6.00E-02,,,,
-1.58E-03,-6.00E-02,,,,
-1.57E-03,-6.00E-02,,,,
-1.57E-03,-6.00E-02,,,,
-1.57E-03,-6.00E-02,,,,
-1.57E-03,-6.00E-02,,,,
-1.57E-03,-6.00E-02,,,,
-1.56E-03,-6.00E-02,,,,
-1.56E-03,-5.80E-02,,,,
-1.56E-03,-5.80E-02,,,,
-1.56E-03,-5.80E-02,,,,
-1.56E-03,-5.80E-02,,,,
-1.55E-03,-6.00E-02,,,,
-1.55E-03,-6.00E-02,,,,
-1.55E-03,-5.80E-02,,,,
-1.55E-03,-5.80E-02,,,,
-1.55E-03,-5.60E-02,,,,
-1.54E-03,-5.60E-02,,,,
-1.54E-03,-5.60E-02,,,,
-1.54E-03,-5.60E-02,,,,
-1.54E-03,-5.60E-02,,,,
-1.54E-03,-5.60E-02,,,,
-1.53E-03,-5.80E-02,,,,
-1.53E-03,-5.80E-02,,,,
-1.53E-03,-5.80E-02,,,,
-1.53E-03,-5.80E-02,,,,
-1.53E-03,-5.60E-02,,,,
-1.52E-03,-5.60E-02,,,,
-1.52E-03,-5.60E-02,,,,
-1.52E-03,-5.60E-02,,,,
-1.52E-03,-5.60E-02,,,,
-1.52E-03,-5.60E-02,,,,
-1.51E-03,-5.60E-02,,,,
-1.51E-03,-5.60E-02,,,,
-1.51E-03,-5.40E-02,,,,
-1.51E-03,-5.40E-02,,,,
-1.51E-03,-5.60E-02,,,,
-1.50E-03,-5.60E-02,,,,
-1.50E-03,-5.40E-02,,,,
-1.50E-03,-5.40E-02,,,,
-1.50E-03,-5.40E-02,,,,
-1.50E-03,-5.40E-02,,,,
-1.49E-03,-5.40E-02,,,,
-1.49E-03,-5.40E-02,,,,
-1.49E-03,-5.60E-02,,,,
-1.49E-03,-5.60E-02,,,,
-1.49E-03,-5.80E-02,,,,
-1.48E-03,-5.80E-02,,,,
-1.48E-03,-5.60E-02,,,,
-1.48E-03,-5.60E-02,,,,
-1.48E-03,-5.60E-02,,,,
-1.48E-03,-5.60E-02,,,,
-1.47E-03,-5.60E-02,,,,
-1.47E-03,-5.60E-02,,,,
-1.47E-03,-5.60E-02,,,,
-1.47E-03,-5.60E-02,,,,
-1.47E-03,-5.60E-02,,,,
-1.46E-03,-5.60E-02,,,,
-1.46E-03,-5.80E-02,,,,
-1.46E-03,-5.80E-02,,,,
-1.46E-03,-5.60E-02,,,,
-1.46E-03,-5.60E-02,,,,
-1.45E-03,-5.60E-02,,,,
-1.45E-03,-5.60E-02,,,,
-1.45E-03,-5.80E-02,,,,
-1.45E-03,-5.80E-02,,,,
-1.45E-03,-5.20E-02,,,,
-1.44E-03,-5.20E-02,,,,
-1.44E-03,-5.40E-02,,,,
-1.44E-03,-5.40E-02,,,,
-1.44E-03,-5.20E-02,,,,
-1.44E-03,-5.20E-02,,,,
-1.43E-03,-5.20E-02,,,,
-1.43E-03,-5.20E-02,,,,
-1.43E-03,-5.40E-02,,,,
-1.43E-03,-5.40E-02,,,,
-1.43E-03,-5.40E-02,,,,
-1.42E-03,-5.40E-02,,,,
-1.42E-03,-5.40E-02,,,,
-1.42E-03,-5.40E-02,,,,
-1.42E-03,-5.20E-02,,,,
-1.42E-03,-5.20E-02,,,,
-1.41E-03,-5.20E-02,,,,
-1.41E-03,-5.20E-02,,,,
-1.41E-03,-5.20E-02,,,,
-1.41E-03,-5.20E-02,,,,
-1.41E-03,-5.00E-02,,,,
-1.40E-03,-5.00E-02,,,,
-1.40E-03,-5.00E-02,,,,
-1.40E-03,-5.00E-02,,,,
-1.40E-03,-5.20E-02,,,,
-1.40E-03,-5.20E-02,,,,
-1.39E-03,-4.80E-02,,,,
-1.39E-03,-4.80E-02,,,,
-1.39E-03,-5.20E-02,,,,
-1.39E-03,-5.20E-02,,,,
-1.39E-03,-5.20E-02,,,,
-1.38E-03,-5.20E-02,,,,
-1.38E-03,-5.20E-02,,,,
-1.38E-03,-5.20E-02,,,,
-1.38E-03,-5.00E-02,,,,
-1.38E-03,-5.00E-02,,,,
-1.37E-03,-5.20E-02,,,,
-1.37E-03,-5.20E-02,,,,
-1.37E-03,-5.00E-02,,,,
-1.37E-03,-5.00E-02,,,,
-1.37E-03,-5.20E-02,,,,
-1.36E-03,-5.20E-02,,,,
-1.36E-03,-5.00E-02,,,,
-1.36E-03,-5.00E-02,,,,
-1.36E-03,-5.00E-02,,,,
-1.36E-03,-5.00E-02,,,,
-1.35E-03,-5.00E-02,,,,
-1.35E-03,-5.00E-02,,,,
-1.35E-03,-5.00E-02,,,,
-1.35E-03,-5.00E-02,,,,
-1.35E-03,-5.00E-02,,,,
-1.34E-03,-5.00E-02,,,,
-1.34E-03,-5.00E-02,,,,
-1.34E-03,-5.00E-02,,,,
-1.34E-03,-4.80E-02,,,,
-1.34E-03,-4.80E-02,,,,
-1.33E-03,-5.00E-02,,,,
-1.33E-03,-5.00E-02,,,,
-1.33E-03,-5.00E-02,,,,
-1.33E-03,-5.00E-02,,,,
-1.33E-03,-4.80E-02,,,,
-1.32E-03,-4.80E-02,,,,
-1.32E-03,-5.00E-02,,,,
-1.32E-03,-5.00E-02,,,,
-1.32E-03,-4.80E-02,,,,
-1.32E-03,-4.80E-02,,,,
-1.31E-03,-4.60E-02,,,,
-1.31E-03,-4.60E-02,,,,
-1.31E-03,-4.60E-02,,,,
-1.31E-03,-4.60E-02,,,,
-1.31E-03,-4.80E-02,,,,
-1.30E-03,-4.80E-02,,,,
-1.30E-03,-4.60E-02,,,,
-1.30E-03,-4.60E-02,,,,
-1.30E-03,-4.80E-02,,,,
-1.30E-03,-4.80E-02,,,,
-1.29E-03,-4.80E-02,,,,
-1.29E-03,-4.80E-02,,,,
-1.29E-03,-4.80E-02,,,,
-1.29E-03,-4.80E-02,,,,
-1.29E-03,-5.00E-02,,,,
-1.28E-03,-5.00E-02,,,,
-1.28E-03,-4.60E-02,,,,
-1.28E-03,-4.60E-02,,,,
-1.28E-03,-4.80E-02,,,,
-1.28E-03,-4.80E-02,,,,
-1.27E-03,-4.80E-02,,,,
-1.27E-03,-4.80E-02,,,,
-1.27E-03,-4.60E-02,,,,
-1.27E-03,-4.60E-02,,,,
-1.27E-03,-4.60E-02,,,,
-1.26E-03,-4.60E-02,,,,
-1.26E-03,-4.60E-02,,,,
-1.26E-03,-4.60E-02,,,,
-1.26E-03,-4.80E-02,,,,
-1.26E-03,-4.80E-02,,,,
-1.25E-03,-4.60E-02,,,,
-1.25E-03,-4.60E-02,,,,
-1.25E-03,-4.60E-02,,,,
-1.25E-03,-4.60E-02,,,,
-1.25E-03,-4.60E-02,,,,
-1.24E-03,-4.60E-02,,,,
-1.24E-03,-4.40E-02,,,,
-1.24E-03,-4.40E-02,,,,
-1.24E-03,-4.40E-02,,,,
-1.24E-03,-4.40E-02,,,,
-1.23E-03,-4.40E-02,,,,
-1.23E-03,-4.40E-02,,,,
-1.23E-03,-4.40E-02,,,,
-1.23E-03,-4.40E-02,,,,
-1.23E-03,-4.60E-02,,,,
-1.22E-03,-4.60E-02,,,,
-1.22E-03,-4.20E-02,,,,
-1.22E-03,-4.20E-02,,,,
-1.22E-03,-4.40E-02,,,,
-1.22E-03,-4.40E-02,,,,
-1.21E-03,-4.40E-02,,,,
-1.21E-03,-4.40E-02,,,,
-1.21E-03,-4.60E-02,,,,
-1.21E-03,-4.60E-02,,,,
-1.21E-03,-4.40E-02,,,,
-1.20E-03,-4.40E-02,,,,
-1.20E-03,-4.40E-02,,,,
-1.20E-03,-4.40E-02,,,,
-1.20E-03,-4.40E-02,,,,
-1.20E-03,-4.40E-02,,,,
-1.19E-03,-4.40E-02,,,,
-1.19E-03,-4.40E-02,,,,
-1.19E-03,-4.40E-02,,,,
-1.19E-03,-4.40E-02,,,,
-1.19E-03,-4.40E-02,,,,
-1.18E-03,-4.40E-02,,,,
-1.18E-03,-4.40E-02,,,,
-1.18E-03,-4.40E-02,,,,
-1.18E-03,-4.40E-02,,,,
-1.18E-03,-4.40E-02,,,,
-1.17E-03,-4.40E-02,,,,
-1.17E-03,-4.40E-02,,,,
-1.17E-03,-4.40E-02,,,,
-1.17E-03,-4.40E-02,,,,
-1.17E-03,-4.20E-02,,,,
-1.16E-03,-4.20E-02,,,,
-1.16E-03,-4.40E-02,,,,
-1.16E-03,-4.40E-02,,,,
-1.16E-03,-4.20E-02,,,,
-1.16E-03,-4.20E-02,,,,
-1.15E-03,-4.20E-02,,,,
-1.15E-03,-4.20E-02,,,,
-1.15E-03,-4.20E-02,,,,
-1.15E-03,-4.20E-02,,,,
-1.15E-03,-4.00E-02,,,,
-1.14E-03,-4.00E-02,,,,
-1.14E-03,-4.00E-02,,,,
-1.14E-03,-4.00E-02,,,,
-1.14E-03,-4.20E-02,,,,
-1.14E-03,-4.20E-02,,,,
-1.13E-03,-4.20E-02,,,,
-1.13E-03,-4.20E-02,,,,
-1.13E-03,-4.20E-02,,,,
-1.13E-03,-4.20E-02,,,,
-1.13E-03,-4.00E-02,,,,
-1.12E-03,-4.00E-02,,,,
-1.12E-03,-4.40E-02,,,,
-1.12E-03,-4.40E-02,,,,
-1.12E-03,-3.80E-02,,,,
-1.12E-03,-3.80E-02,,,,
-1.11E-03,-4.00E-02,,,,
-1.11E-03,-4.00E-02,,,,
-1.11E-03,-4.20E-02,,,,
-1.11E-03,-4.20E-02,,,,
-1.11E-03,-4.00E-02,,,,
-1.10E-03,-4.00E-02,,,,
-1.10E-03,-4.00E-02,,,,
-1.10E-03,-4.00E-02,,,,
-1.10E-03,-4.00E-02,,,,
-1.10E-03,-4.00E-02,,,,
-1.09E-03,-4.00E-02,,,,
-1.09E-03,-4.00E-02,,,,
-1.09E-03,-3.80E-02,,,,
-1.09E-03,-3.80E-02,,,,
-1.09E-03,-4.00E-02,,,,
-1.08E-03,-4.00E-02,,,,
-1.08E-03,-4.00E-02,,,,
-1.08E-03,-4.00E-02,,,,
-1.08E-03,-4.00E-02,,,,
-1.08E-03,-4.00E-02,,,,
-1.07E-03,-4.00E-02,,,,
-1.07E-03,-4.00E-02,,,,
-1.07E-03,-3.80E-02,,,,
-1.07E-03,-3.80E-02,,,,
-1.07E-03,-4.00E-02,,,,
-1.06E-03,-4.00E-02,,,,
-1.06E-03,-4.00E-02,,,,
-1.06E-03,-4.00E-02,,,,
-1.06E-03,-4.00E-02,,,,
-1.06E-03,-4.00E-02,,,,
-1.05E-03,-3.80E-02,,,,
-1.05E-03,-3.80E-02,,,,
-1.05E-03,-4.00E-02,,,,
-1.05E-03,-4.00E-02,,,,
-1.05E-03,-4.00E-02,,,,
-1.04E-03,-4.00E-02,,,,
-1.04E-03,-4.00E-02,,,,
-1.04E-03,-4.00E-02,,,,
-1.04E-03,-3.60E-02,,,,
-1.04E-03,-3.60E-02,,,,
-1.03E-03,-3.80E-02,,,,
-1.03E-03,-3.80E-02,,,,
-1.03E-03,-3.80E-02,,,,
-1.03E-03,-3.80E-02,,,,
-1.03E-03,-3.80E-02,,,,
-1.02E-03,-3.80E-02,,,,
-1.02E-03,-3.60E-02,,,,
-1.02E-03,-3.60E-02,,,,
-1.02E-03,-3.80E-02,,,,
-1.02E-03,-3.80E-02,,,,
-1.01E-03,-3.80E-02,,,,
-1.01E-03,-3.80E-02,,,,
-1.01E-03,-3.80E-02,,,,
-1.01E-03,-3.80E-02,,,,
-1.01E-03,-3.80E-02,,,,
-1.00E-03,-3.80E-02,,,,
-1.00E-03,-3.80E-02,,,,
-1.00E-03,-3.80E-02,,,,
-9.98E-04,-3.60E-02,,,,
-9.96E-04,-3.60E-02,,,,
-9.94E-04,-3.80E-02,,,,
-9.92E-04,-3.80E-02,,,,
-9.90E-04,-3.60E-02,,,,
-9.88E-04,-3.60E-02,,,,
-9.86E-04,-3.80E-02,,,,
-9.84E-04,-3.80E-02,,,,
-9.82E-04,-3.60E-02,,,,
-9.80E-04,-3.60E-02,,,,
-9.78E-04,-3.60E-02,,,,
-9.76E-04,-3.60E-02,,,,
-9.74E-04,-3.60E-02,,,,
-9.72E-04,-3.60E-02,,,,
-9.70E-04,-3.60E-02,,,,
-9.68E-04,-3.60E-02,,,,
-9.66E-04,-3.80E-02,,,,
-9.64E-04,-3.80E-02,,,,
-9.62E-04,-3.60E-02,,,,
-9.60E-04,-3.60E-02,,,,
-9.58E-04,-3.60E-02,,,,
-9.56E-04,-3.60E-02,,,,
-9.54E-04,-3.40E-02,,,,
-9.52E-04,-3.40E-02,,,,
-9.50E-04,-3.60E-02,,,,
-9.48E-04,-3.60E-02,,,,
-9.46E-04,-3.60E-02,,,,
-9.44E-04,-3.60E-02,,,,
-9.42E-04,-3.60E-02,,,,
-9.40E-04,-3.60E-02,,,,
-9.38E-04,-3.40E-02,,,,
-9.36E-04,-3.40E-02,,,,
-9.34E-04,-3.40E-02,,,,
-9.32E-04,-3.40E-02,,,,
-9.30E-04,-3.40E-02,,,,
-9.28E-04,-3.40E-02,,,,
-9.26E-04,-3.40E-02,,,,
-9.24E-04,-3.40E-02,,,,
-9.22E-04,-3.60E-02,,,,
-9.20E-04,-3.60E-02,,,,
-9.18E-04,-3.20E-02,,,,
-9.16E-04,-3.20E-02,,,,
-9.14E-04,-3.40E-02,,,,
-9.12E-04,-3.40E-02,,,,
-9.10E-04,-3.40E-02,,,,
-9.08E-04,-3.40E-02,,,,
-9.06E-04,-3.40E-02,,,,
-9.04E-04,-3.40E-02,,,,
-9.02E-04,-3.40E-02,,,,
-9.00E-04,-3.40E-02,,,,
-8.98E-04,-3.40E-02,,,,
-8.96E-04,-3.40E-02,,,,
-8.94E-04,-3.20E-02,,,,
-8.92E-04,-3.20E-02,,,,
-8.90E-04,-3.40E-02,,,,
-8.88E-04,-3.40E-02,,,,
-8.86E-04,-3.20E-02,,,,
-8.84E-04,-3.20E-02,,,,
-8.82E-04,-3.40E-02,,,,
-8.80E-04,-3.40E-02,,,,
-8.78E-04,-3.40E-02,,,,
-8.76E-04,-3.40E-02,,,,
-8.74E-04,-3.40E-02,,,,
-8.72E-04,-3.40E-02,,,,
-8.70E-04,-3.20E-02,,,,
-8.68E-04,-3.20E-02,,,,
-8.66E-04,-3.20E-02,,,,
-8.64E-04,-3.20E-02,,,,
-8.62E-04,-3.20E-02,,,,
-8.60E-04,-3.20E-02,,,,
-8.58E-04,-3.20E-02,,,,
-8.56E-04,-3.20E-02,,,,
-8.54E-04,-3.20E-02,,,,
-8.52E-04,-3.20E-02,,,,
-8.50E-04,-3.20E-02,,,,
-8.48E-04,-3.20E-02,,,,
-8.46E-04,-3.20E-02,,,,
-8.44E-04,-3.20E-02,,,,
-8.42E-04,-3.20E-02,,,,
-8.40E-04,-3.20E-02,,,,
-8.38E-04,-3.20E-02,,,,
-8.36E-04,-3.20E-02,,,,
-8.34E-04,-3.20E-02,,,,
-8.32E-04,-3.20E-02,,,,
-8.30E-04,-3.20E-02,,,,
-8.28E-04,-3.20E-02,,,,
-8.26E-04,-3.20E-02,,,,
-8.24E-04,-3.20E-02,,,,
-8.22E-04,-3.00E-02,,,,
-8.20E-04,-3.00E-02,,,,
-8.18E-04,-3.20E-02,,,,
-8.16E-04,-3.20E-02,,,,
-8.14E-04,-3.00E-02,,,,
-8.12E-04,-3.00E-02,,,,
-8.10E-04,-3.00E-02,,,,
-8.08E-04,-3.00E-02,,,,
-8.06E-04,-3.20E-02,,,,
-8.04E-04,-3.20E-02,,,,
-8.02E-04,-3.20E-02,,,,
-8.00E-04,-3.20E-02,,,,
-7.98E-04,-2.80E-02,,,,
-7.96E-04,-2.80E-02,,,,
-7.94E-04,-3.00E-02,,,,
-7.92E-04,-3.00E-02,,,,
-7.90E-04,-2.80E-02,,,,
-7.88E-04,-2.80E-02,,,,
-7.86E-04,-3.00E-02,,,,
-7.84E-04,-3.00E-02,,,,
-7.82E-04,-2.80E-02,,,,
-7.80E-04,-2.80E-02,,,,
-7.78E-04,-3.20E-02,,,,
-7.76E-04,-3.20E-02,,,,
-7.74E-04,-3.00E-02,,,,
-7.72E-04,-3.00E-02,,,,
-7.70E-04,-3.00E-02,,,,
-7.68E-04,-3.00E-02,,,,
-7.66E-04,-2.80E-02,,,,
-7.64E-04,-2.80E-02,,,,
-7.62E-04,-2.80E-02,,,,
-7.60E-04,-2.80E-02,,,,
-7.58E-04,-3.00E-02,,,,
-7.56E-04,-3.00E-02,,,,
-7.54E-04,-2.80E-02,,,,
-7.52E-04,-2.80E-02,,,,
-7.50E-04,-2.80E-02,,,,
-7.48E-04,-2.80E-02,,,,
-7.46E-04,-2.80E-02,,,,
-7.44E-04,-2.80E-02,,,,
-7.42E-04,-2.80E-02,,,,
-7.40E-04,-2.80E-02,,,,
-7.38E-04,-2.60E-02,,,,
-7.36E-04,-2.60E-02,,,,
-7.34E-04,-2.80E-02,,,,
-7.32E-04,-2.80E-02,,,,
-7.30E-04,-2.60E-02,,,,
-7.28E-04,-2.60E-02,,,,
-7.26E-04,-2.80E-02,,,,
-7.24E-04,-2.80E-02,,,,
-7.22E-04,-2.80E-02,,,,
-7.20E-04,-2.80E-02,,,,
-7.18E-04,-2.60E-02,,,,
-7.16E-04,-2.60E-02,,,,
-7.14E-04,-2.60E-02,,,,
-7.12E-04,-2.60E-02,,,,
-7.10E-04,-2.60E-02,,,,
-7.08E-04,-2.60E-02,,,,
-7.06E-04,-2.80E-02,,,,
-7.04E-04,-2.80E-02,,,,
-7.02E-04,-2.60E-02,,,,
-7.00E-04,-2.60E-02,,,,
-6.98E-04,-2.60E-02,,,,
-6.96E-04,-2.60E-02,,,,
-6.94E-04,-2.80E-02,,,,
-6.92E-04,-2.80E-02,,,,
-6.90E-04,-2.60E-02,,,,
-6.88E-04,-2.60E-02,,,,
-6.86E-04,-2.60E-02,,,,
-6.84E-04,-2.60E-02,,,,
-6.82E-04,-2.60E-02,,,,
-6.80E-04,-2.60E-02,,,,
-6.78E-04,-2.40E-02,,,,
-6.76E-04,-2.40E-02,,,,
-6.74E-04,-2.40E-02,,,,
-6.72E-04,-2.40E-02,,,,
-6.70E-04,-2.40E-02,,,,
-6.68E-04,-2.40E-02,,,,
-6.66E-04,-2.60E-02,,,,
-6.64E-04,-2.60E-02,,,,
-6.62E-04,-2.40E-02,,,,
-6.60E-04,-2.40E-02,,,,
-6.58E-04,-2.40E-02,,,,
-6.56E-04,-2.40E-02,,,,
-6.54E-04,-2.40E-02,,,,
-6.52E-04,-2.40E-02,,,,
-6.50E-04,-2.60E-02,,,,
-6.48E-04,-2.60E-02,,,,
-6.46E-04,-2.40E-02,,,,
-6.44E-04,-2.40E-02,,,,
-6.42E-04,-2.40E-02,,,,
-6.40E-04,-2.40E-02,,,,
-6.38E-04,-2.40E-02,,,,
-6.36E-04,-2.40E-02,,,,
-6.34E-04,-2.20E-02,,,,
-6.32E-04,-2.20E-02,,,,
-6.30E-04,-2.60E-02,,,,
-6.28E-04,-2.60E-02,,,,
-6.26E-04,-2.40E-02,,,,
-6.24E-04,-2.40E-02,,,,
-6.22E-04,-2.00E-02,,,,
-6.20E-04,-2.00E-02,,,,
-6.18E-04,-2.20E-02,,,,
-6.16E-04,-2.20E-02,,,,
-6.14E-04,-2.20E-02,,,,
-6.12E-04,-2.20E-02,,,,
-6.10E-04,-2.40E-02,,,,
-6.08E-04,-2.40E-02,,,,
-6.06E-04,-2.20E-02,,,,
-6.04E-04,-2.20E-02,,,,
-6.02E-04,-2.20E-02,,,,
-6.00E-04,-2.20E-02,,,,
-5.98E-04,-2.00E-02,,,,
-5.96E-04,-2.00E-02,,,,
-5.94E-04,-2.40E-02,,,,
-5.92E-04,-2.40E-02,,,,
-5.90E-04,-2.20E-02,,,,
-5.88E-04,-2.20E-02,,,,
-5.86E-04,-2.20E-02,,,,
-5.84E-04,-2.20E-02,,,,
-5.82E-04,-2.20E-02,,,,
-5.80E-04,-2.20E-02,,,,
-5.78E-04,-2.20E-02,,,,
-5.76E-04,-2.20E-02,,,,
-5.74E-04,-2.20E-02,,,,
-5.72E-04,-2.20E-02,,,,
-5.70E-04,-2.00E-02,,,,
-5.68E-04,-2.00E-02,,,,
-5.66E-04,-2.00E-02,,,,
-5.64E-04,-2.00E-02,,,,
-5.62E-04,-2.20E-02,,,,
-5.60E-04,-2.20E-02,,,,
-5.58E-04,-2.00E-02,,,,
-5.56E-04,-2.00E-02,,,,
-5.54E-04,-2.20E-02,,,,
-5.52E-04,-2.20E-02,,,,
-5.50E-04,-2.40E-02,,,,
-5.48E-04,-2.40E-02,,,,
-5.46E-04,-2.20E-02,,,,
-5.44E-04,-2.20E-02,,,,
-5.42E-04,-2.00E-02,,,,
-5.40E-04,-2.00E-02,,,,
-5.38E-04,-2.20E-02,,,,
-5.36E-04,-2.20E-02,,,,
-5.34E-04,-2.00E-02,,,,
-5.32E-04,-2.00E-02,,,,
-5.30E-04,-2.20E-02,,,,
-5.28E-04,-2.20E-02,,,,
-5.26E-04,-2.00E-02,,,,
-5.24E-04,-2.00E-02,,,,
-5.22E-04,-2.00E-02,,,,
-5.20E-04,-2.00E-02,,,,
-5.18E-04,-2.00E-02,,,,
-5.16E-04,-2.00E-02,,,,
-5.14E-04,-2.00E-02,,,,
-5.12E-04,-2.00E-02,,,,
-5.10E-04,-1.80E-02,,,,
-5.08E-04,-1.80E-02,,,,
-5.06E-04,-1.60E-02,,,,
-5.04E-04,-1.60E-02,,,,
-5.02E-04,-1.80E-02,,,,
-5.00E-04,-1.80E-02,,,,
-4.98E-04,-1.60E-02,,,,
-4.96E-04,-1.60E-02,,,,
-4.94E-04,-1.80E-02,,,,
-4.92E-04,-1.80E-02,,,,
-4.90E-04,-1.80E-02,,,,
-4.88E-04,-1.80E-02,,,,
-4.86E-04,-2.00E-02,,,,
-4.84E-04,-2.00E-02,,,,
-4.82E-04,-1.80E-02,,,,
-4.80E-04,-1.80E-02,,,,
-4.78E-04,-1.80E-02,,,,
-4.76E-04,-1.80E-02,,,,
-4.74E-04,-2.00E-02,,,,
-4.72E-04,-2.00E-02,,,,
-4.70E-04,-1.80E-02,,,,
-4.68E-04,-1.80E-02,,,,
-4.66E-04,-1.80E-02,,,,
-4.64E-04,-1.80E-02,,,,
-4.62E-04,-1.60E-02,,,,
-4.60E-04,-1.60E-02,,,,
-4.58E-04,-1.60E-02,,,,
-4.56E-04,-1.60E-02,,,,
-4.54E-04,-2.00E-02,,,,
-4.52E-04,-2.00E-02,,,,
-4.50E-04,-1.80E-02,,,,
-4.48E-04,-1.80E-02,,,,
-4.46E-04,-1.60E-02,,,,
-4.44E-04,-1.60E-02,,,,
-4.42E-04,-1.60E-02,,,,
-4.40E-04,-1.60E-02,,,,
-4.38E-04,-1.60E-02,,,,
-4.36E-04,-1.60E-02,,,,
-4.34E-04,-1.60E-02,,,,
-4.32E-04,-1.60E-02,,,,
-4.30E-04,-1.80E-02,,,,
-4.28E-04,-1.80E-02,,,,
-4.26E-04,-1.80E-02,,,,
-4.24E-04,-1.80E-02,,,,
-4.22E-04,-1.60E-02,,,,
-4.20E-04,-1.60E-02,,,,
-4.18E-04,-1.40E-02,,,,
-4.16E-04,-1.40E-02,,,,
-4.14E-04,-1.60E-02,,,,
-4.12E-04,-1.60E-02,,,,
-4.10E-04,-1.60E-02,,,,
-4.08E-04,-1.60E-02,,,,
-4.06E-04,-1.60E-02,,,,
-4.04E-04,-1.60E-02,,,,
-4.02E-04,-1.40E-02,,,,
-4.00E-04,-1.40E-02,,,,
-3.98E-04,-1.60E-02,,,,
-3.96E-04,-1.60E-02,,,,
-3.94E-04,-1.40E-02,,,,
-3.92E-04,-1.40E-02,,,,
-3.90E-04,-1.40E-02,,,,
-3.88E-04,-1.40E-02,,,,
-3.86E-04,-1.60E-02,,,,
-3.84E-04,-1.60E-02,,,,
-3.82E-04,-1.40E-02,,,,
-3.80E-04,-1.40E-02,,,,
-3.78E-04,-1.60E-02,,,,
-3.76E-04,-1.60E-02,,,,
-3.74E-04,-1.60E-02,,,,
-3.72E-04,-1.60E-02,,,,
-3.70E-04,-1.40E-02,,,,
-3.68E-04,-1.40E-02,,,,
-3.66E-04,-1.40E-02,,,,
-3.64E-04,-1.40E-02,,,,
-3.62E-04,-1.40E-02,,,,
-3.60E-04,-1.40E-02,,,,
-3.58E-04,-1.40E-02,,,,
-3.56E-04,-1.40E-02,,,,
-3.54E-04,-1.40E-02,,,,
-3.52E-04,-1.40E-02,,,,
-3.50E-04,-1.20E-02,,,,
-3.48E-04,-1.20E-02,,,,
-3.46E-04,-1.40E-02,,,,
-3.44E-04,-1.40E-02,,,,
-3.42E-04,-1.20E-02,,,,
-3.40E-04,-1.20E-02,,,,
-3.38E-04,-1.40E-02,,,,
-3.36E-04,-1.40E-02,,,,
-3.34E-04,-1.40E-02,,,,
-3.32E-04,-1.40E-02,,,,
-3.30E-04,-1.20E-02,,,,
-3.28E-04,-1.20E-02,,,,
-3.26E-04,-1.20E-02,,,,
-3.24E-04,-1.20E-02,,,,
-3.22E-04,-1.20E-02,,,,
-3.20E-04,-1.20E-02,,,,
-3.18E-04,-1.20E-02,,,,
-3.16E-04,-1.20E-02,,,,
-3.14E-04,-1.20E-02,,,,
-3.12E-04,-1.20E-02,,,,
-3.10E-04,-1.20E-02,,,,
-3.08E-04,-1.20E-02,,,,
-3.06E-04,-1.00E-02,,,,
-3.04E-04,-1.00E-02,,,,
-3.02E-04,-1.20E-02,,,,
-3.00E-04,-1.20E-02,,,,
-2.98E-04,-1.20E-02,,,,
-2.96E-04,-1.20E-02,,,,
-2.94E-04,-1.40E-02,,,,
-2.92E-04,-1.40E-02,,,,
-2.90E-04,-1.20E-02,,,,
-2.88E-04,-1.20E-02,,,,
-2.86E-04,-1.00E-02,,,,
-2.84E-04,-1.00E-02,,,,
-2.82E-04,-1.00E-02,,,,
-2.80E-04,-1.00E-02,,,,
-2.78E-04,-1.20E-02,,,,
-2.76E-04,-1.20E-02,,,,
-2.74E-04,-1.20E-02,,,,
-2.72E-04,-1.20E-02,,,,
-2.70E-04,-1.00E-02,,,,
-2.68E-04,-1.00E-02,,,,
-2.66E-04,-1.00E-02,,,,
-2.64E-04,-1.00E-02,,,,
-2.62E-04,-1.00E-02,,,,
-2.60E-04,-1.00E-02,,,,
-2.58E-04,-1.00E-02,,,,
-2.56E-04,-1.00E-02,,,,
-2.54E-04,-1.00E-02,,,,
-2.52E-04,-1.00E-02,,,,
-2.50E-04,-1.00E-02,,,,
-2.48E-04,-1.00E-02,,,,
-2.46E-04,-1.00E-02,,,,
-2.44E-04,-1.00E-02,,,,
-2.42E-04,-1.00E-02,,,,
-2.40E-04,-1.00E-02,,,,
-2.38E-04,-1.00E-02,,,,
-2.36E-04,-1.00E-02,,,,
-2.34E-04,-1.00E-02,,,,
-2.32E-04,-1.00E-02,,,,
-2.30E-04,-1.00E-02,,,,
-2.28E-04,-1.00E-02,,,,
-2.26E-04,-1.00E-02,,,,
-2.24E-04,-1.00E-02,,,,
-2.22E-04,-1.00E-02,,,,
-2.20E-04,-1.00E-02,,,,
-2.18E-04,-8.00E-03,,,,
-2.16E-04,-8.00E-03,,,,
-2.14E-04,-1.00E-02,,,,
-2.12E-04,-1.00E-02,,,,
-2.10E-04,-1.00E-02,,,,
-2.08E-04,-1.00E-02,,,,
-2.06E-04,-8.00E-03,,,,
-2.04E-04,-8.00E-03,,,,
-2.02E-04,-8.00E-03,,,,
-2.00E-04,-8.00E-03,,,,
-1.98E-04,-8.00E-03,,,,
-1.96E-04,-8.00E-03,,,,
-1.94E-04,-8.00E-03,,,,
-1.92E-04,-8.00E-03,,,,
-1.90E-04,-6.00E-03,,,,
-1.88E-04,-6.00E-03,,,,
-1.86E-04,-8.00E-03,,,,
-1.84E-04,-8.00E-03,,,,
-1.82E-04,-6.00E-03,,,,
-1.80E-04,-6.00E-03,,,,
-1.78E-04,-8.00E-03,,,,
-1.76E-04,-8.00E-03,,,,
-1.74E-04,-8.00E-03,,,,
-1.72E-04,-8.00E-03,,,,
-1.70E-04,-8.00E-03,,,,
-1.68E-04,-8.00E-03,,,,
-1.66E-04,-6.00E-03,,,,
-1.64E-04,-6.00E-03,,,,
-1.62E-04,-6.00E-03,,,,
-1.60E-04,-6.00E-03,,,,
-1.58E-04,-6.00E-03,,,,
-1.56E-04,-6.00E-03,,,,
-1.54E-04,-8.00E-03,,,,
-1.52E-04,-8.00E-03,,,,
-1.50E-04,-8.00E-03,,,,
-1.48E-04,-8.00E-03,,,,
-1.46E-04,-8.00E-03,,,,
-1.44E-04,-8.00E-03,,,,
-1.42E-04,-8.00E-03,,,,
-1.40E-04,-8.00E-03,,,,
-1.38E-04,-6.00E-03,,,,
-1.36E-04,-6.00E-03,,,,
-1.34E-04,-6.00E-03,,,,
-1.32E-04,-6.00E-03,,,,
-1.30E-04,-6.00E-03,,,,
-1.28E-04,-6.00E-03,,,,
-1.26E-04,-4.00E-03,,,,
-1.24E-04,-4.00E-03,,,,
-1.22E-04,-6.00E-03,,,,
-1.20E-04,-6.00E-03,,,,
-1.18E-04,-6.00E-03,,,,
-1.16E-04,-6.00E-03,,,,
-1.14E-04,-6.00E-03,,,,
-1.12E-04,-6.00E-03,,,,
-1.10E-04,-4.00E-03,,,,
-1.08E-04,-4.00E-03,,,,
-1.06E-04,-4.00E-03,,,,
-1.04E-04,-4.00E-03,,,,
-1.02E-04,-4.00E-03,,,,
-1.00E-04,-4.00E-03,,,,
-9.80E-05,-6.00E-03,,,,
-9.60E-05,-6.00E-03,,,,
-9.40E-05,-6.00E-03,,,,
-9.20E-05,-6.00E-03,,,,
-9.00E-05,-2.00E-03,,,,
-8.80E-05,-2.00E-03,,,,
-8.60E-05,-6.00E-03,,,,
-8.40E-05,-6.00E-03,,,,
-8.20E-05,-4.00E-03,,,,
-8.00E-05,-4.00E-03,,,,
-7.80E-05,-2.00E-03,,,,
-7.60E-05,-2.00E-03,,,,
-7.40E-05,-2.00E-03,,,,
-7.20E-05,-2.00E-03,,,,
-7.00E-05,-4.00E-03,,,,
-6.80E-05,-4.00E-03,,,,
-6.60E-05,-2.00E-03,,,,
-6.40E-05,-2.00E-03,,,,
-6.20E-05,-4.00E-03,,,,
-6.00E-05,-4.00E-03,,,,
-5.80E-05,-4.00E-03,,,,
-5.60E-05,-4.00E-03,,,,
-5.40E-05,-6.00E-03,,,,
-5.20E-05,-6.00E-03,,,,
-5.00E-05,-2.00E-03,,,,
-4.80E-05,-2.00E-03,,,,
-4.60E-05,-4.00E-03,,,,
-4.40E-05,-4.00E-03,,,,
-4.20E-05,-2.00E-03,,,,
-4.00E-05,-2.00E-03,,,,
-3.80E-05,-6.00E-03,,,,
-3.60E-05,-6.00E-03,,,,
-3.40E-05,-4.00E-03,,,,
-3.20E-05,-4.00E-03,,,,
-3.00E-05,-2.00E-03,,,,
-2.80E-05,-2.00E-03,,,,
-2.60E-05,-4.00E-03,,,,
-2.40E-05,-4.00E-03,,,,
-2.20E-05,-4.00E-03,,,,
-2.00E-05,-4.00E-03,,,,
-1.80E-05,-2.00E-03,,,,
-1.60E-05,-2.00E-03,,,,
-1.40E-05,-2.00E-03,,,,
-1.20E-05,-2.00E-03,,,,
-1.00E-05,-2.00E-03,,,,
-8.00E-06,-2.00E-03,,,,
-6.00E-06,-2.00E-03,,,,
-4.00E-06,-2.00E-03,,,,
-2.00E-06,-4.00E-03,,,,
-1.26E-16,-4.00E-03,,,,
2.00E-06,0.00E+00,,,,
4.00E-06,0.00E+00,,,,
6.00E-06,0.00E+00,,,,
8.00E-06,0.00E+00,,,,
1.00E-05,-2.00E-03,,,,
1.20E-05,-2.00E-03,,,,
1.40E-05,0.00E+00,,,,
1.60E-05,0.00E+00,,,,
1.80E-05,-2.00E-03,,,,
2.00E-05,-2.00E-03,,,,
2.20E-05,0.00E+00,,,,
2.40E-05,0.00E+00,,,,
2.60E-05,0.00E+00,,,,
2.80E-05,0.00E+00,,,,
3.00E-05,2.00E-03,,,,
3.20E-05,2.00E-03,,,,
3.40E-05,0.00E+00,,,,
3.60E-05,0.00E+00,,,,
3.80E-05,-2.00E-03,,,,
4.00E-05,-2.00E-03,,,,
4.20E-05,0.00E+00,,,,
4.40E-05,0.00E+00,,,,
4.60E-05,-2.00E-03,,,,
4.80E-05,-2.00E-03,,,,
5.00E-05,0.00E+00,,,,
5.20E-05,0.00E+00,,,,
5.40E-05,0.00E+00,,,,
5.60E-05,0.00E+00,,,,
5.80E-05,0.00E+00,,,,
6.00E-05,0.00E+00,,,,
6.20E-05,0.00E+00,,,,
6.40E-05,0.00E+00,,,,
6.60E-05,0.00E+00,,,,
6.80E-05,0.00E+00,,,,
7.00E-05,2.00E-03,,,,
7.20E-05,2.00E-03,,,,
7.40E-05,2.00E-03,,,,
7.60E-05,2.00E-03,,,,
7.80E-05,0.00E+00,,,,
8.00E-05,0.00E+00,,,,
8.20E-05,2.00E-03,,,,
8.40E-05,2.00E-03,,,,
8.60E-05,0.00E+00,,,,
8.80E-05,0.00E+00,,,,
9.00E-05,2.00E-03,,,,
9.20E-05,2.00E-03,,,,
9.40E-05,2.00E-03,,,,
9.60E-05,2.00E-03,,,,
9.80E-05,4.00E-03,,,,
1.00E-04,4.00E-03,,,,
1.02E-04,2.00E-03,,,,
1.04E-04,2.00E-03,,,,
1.06E-04,2.00E-03,,,,
1.08E-04,2.00E-03,,,,
1.10E-04,2.00E-03,,,,
1.12E-04,2.00E-03,,,,
1.14E-04,4.00E-03,,,,
1.16E-04,4.00E-03,,,,
1.18E-04,2.00E-03,,,,
1.20E-04,2.00E-03,,,,
1.22E-04,2.00E-03,,,,
1.24E-04,2.00E-03,,,,
1.26E-04,2.00E-03,,,,
1.28E-04,2.00E-03,,,,
1.30E-04,2.00E-03,,,,
1.32E-04,2.00E-03,,,,
1.34E-04,4.00E-03,,,,
1.36E-04,4.00E-03,,,,
1.38E-04,2.00E-03,,,,
1.40E-04,2.00E-03,,,,
1.42E-04,2.00E-03,,,,
1.44E-04,2.00E-03,,,,
1.46E-04,4.00E-03,,,,
1.48E-04,4.00E-03,,,,
1.50E-04,4.00E-03,,,,
1.52E-04,4.00E-03,,,,
1.54E-04,4.00E-03,,,,
1.56E-04,4.00E-03,,,,
1.58E-04,6.00E-03,,,,
1.60E-04,6.00E-03,,,,
1.62E-04,6.00E-03,,,,
1.64E-04,6.00E-03,,,,
1.66E-04,4.00E-03,,,,
1.68E-04,4.00E-03,,,,
1.70E-04,4.00E-03,,,,
1.72E-04,4.00E-03,,,,
1.74E-04,4.00E-03,,,,
1.76E-04,4.00E-03,,,,
1.78E-04,4.00E-03,,,,
1.80E-04,4.00E-03,,,,
1.82E-04,4.00E-03,,,,
1.84E-04,4.00E-03,,,,
1.86E-04,6.00E-03,,,,
1.88E-04,6.00E-03,,,,
1.90E-04,6.00E-03,,,,
1.92E-04,6.00E-03,,,,
1.94E-04,6.00E-03,,,,
1.96E-04,6.00E-03,,,,
1.98E-04,6.00E-03,,,,
2.00E-04,6.00E-03,,,,
2.02E-04,4.00E-03,,,,
2.04E-04,4.00E-03,,,,
2.06E-04,6.00E-03,,,,
2.08E-04,6.00E-03,,,,
2.10E-04,4.00E-03,,,,
2.12E-04,4.00E-03,,,,
2.14E-04,8.00E-03,,,,
2.16E-04,8.00E-03,,,,
2.18E-04,6.00E-03,,,,
2.20E-04,6.00E-03,,,,
2.22E-04,6.00E-03,,,,
2.24E-04,6.00E-03,,,,
2.26E-04,1.00E-02,,,,
2.28E-04,1.00E-02,,,,
2.30E-04,8.00E-03,,,,
2.32E-04,8.00E-03,,,,
2.34E-04,8.00E-03,,,,
2.36E-04,8.00E-03,,,,
2.38E-04,6.00E-03,,,,
2.40E-04,6.00E-03,,,,
2.42E-04,6.00E-03,,,,
2.44E-04,6.00E-03,,,,
2.46E-04,6.00E-03,,,,
2.48E-04,6.00E-03,,,,
2.50E-04,6.00E-03,,,,
2.52E-04,6.00E-03,,,,
2.54E-04,6.00E-03,,,,
2.56E-04,6.00E-03,,,,
2.58E-04,8.00E-03,,,,
2.60E-04,8.00E-03,,,,
2.62E-04,8.00E-03,,,,
2.64E-04,8.00E-03,,,,
2.66E-04,8.00E-03,,,,
2.68E-04,8.00E-03,,,,
2.70E-04,6.00E-03,,,,
2.72E-04,6.00E-03,,,,
2.74E-04,8.00E-03,,,,
2.76E-04,8.00E-03,,,,
2.78E-04,1.00E-02,,,,
2.80E-04,1.00E-02,,,,
2.82E-04,8.00E-03,,,,
2.84E-04,8.00E-03,,,,
2.86E-04,1.20E-02,,,,
2.88E-04,1.20E-02,,,,
2.90E-04,8.00E-03,,,,
2.92E-04,8.00E-03,,,,
2.94E-04,1.00E-02,,,,
2.96E-04,1.00E-02,,,,
2.98E-04,1.00E-02,,,,
3.00E-04,1.00E-02,,,,
3.02E-04,1.00E-02,,,,
3.04E-04,1.00E-02,,,,
3.06E-04,8.00E-03,,,,
3.08E-04,8.00E-03,,,,
3.10E-04,8.00E-03,,,,
3.12E-04,8.00E-03,,,,
3.14E-04,1.00E-02,,,,
3.16E-04,1.00E-02,,,,
3.18E-04,1.00E-02,,,,
3.20E-04,1.00E-02,,,,
3.22E-04,1.20E-02,,,,
3.24E-04,1.20E-02,,,,
3.26E-04,1.20E-02,,,,
3.28E-04,1.20E-02,,,,
3.30E-04,8.00E-03,,,,
3.32E-04,8.00E-03,,,,
3.34E-04,1.20E-02,,,,
3.36E-04,1.20E-02,,,,
3.38E-04,1.20E-02,,,,
3.40E-04,1.20E-02,,,,
3.42E-04,1.00E-02,,,,
3.44E-04,1.00E-02,,,,
3.46E-04,1.00E-02,,,,
3.48E-04,1.00E-02,,,,
3.50E-04,1.00E-02,,,,
3.52E-04,1.00E-02,,,,
3.54E-04,1.20E-02,,,,
3.56E-04,1.20E-02,,,,
3.58E-04,1.40E-02,,,,
3.60E-04,1.40E-02,,,,
3.62E-04,1.00E-02,,,,
3.64E-04,1.00E-02,,,,
3.66E-04,1.00E-02,,,,
3.68E-04,1.00E-02,,,,
3.70E-04,1.40E-02,,,,
3.72E-04,1.40E-02,,,,
3.74E-04,1.20E-02,,,,
3.76E-04,1.20E-02,,,,
3.78E-04,1.20E-02,,,,
3.80E-04,1.20E-02,,,,
3.82E-04,1.20E-02,,,,
3.84E-04,1.20E-02,,,,
3.86E-04,1.00E-02,,,,
3.88E-04,1.00E-02,,,,
3.90E-04,1.40E-02,,,,
3.92E-04,1.40E-02,,,,
3.94E-04,1.20E-02,,,,
3.96E-04,1.20E-02,,,,
3.98E-04,1.20E-02,,,,
4.00E-04,1.20E-02,,,,
4.02E-04,1.20E-02,,,,
4.04E-04,1.20E-02,,,,
4.06E-04,1.40E-02,,,,
4.08E-04,1.40E-02,,,,
4.10E-04,1.40E-02,,,,
4.12E-04,1.40E-02,,,,
4.14E-04,1.20E-02,,,,
4.16E-04,1.20E-02,,,,
4.18E-04,1.40E-02,,,,
4.20E-04,1.40E-02,,,,
4.22E-04,1.40E-02,,,,
4.24E-04,1.40E-02,,,,
4.26E-04,1.40E-02,,,,
4.28E-04,1.40E-02,,,,
4.30E-04,1.40E-02,,,,
4.32E-04,1.40E-02,,,,
4.34E-04,1.40E-02,,,,
4.36E-04,1.40E-02,,,,
4.38E-04,1.40E-02,,,,
4.40E-04,1.40E-02,,,,
4.42E-04,1.60E-02,,,,
4.44E-04,1.60E-02,,,,
4.46E-04,1.40E-02,,,,
4.48E-04,1.40E-02,,,,
4.50E-04,1.40E-02,,,,
4.52E-04,1.40E-02,,,,
4.54E-04,1.60E-02,,,,
4.56E-04,1.60E-02,,,,
4.58E-04,1.60E-02,,,,
4.60E-04,1.60E-02,,,,
4.62E-04,1.40E-02,,,,
4.64E-04,1.40E-02,,,,
4.66E-04,1.40E-02,,,,
4.68E-04,1.40E-02,,,,
4.70E-04,1.40E-02,,,,
4.72E-04,1.40E-02,,,,
4.74E-04,1.60E-02,,,,
4.76E-04,1.60E-02,,,,
4.78E-04,1.80E-02,,,,
4.80E-04,1.80E-02,,,,
4.82E-04,1.60E-02,,,,
4.84E-04,1.60E-02,,,,
4.86E-04,1.60E-02,,,,
4.88E-04,1.60E-02,,,,
4.90E-04,1.80E-02,,,,
4.92E-04,1.80E-02,,,,
4.94E-04,1.60E-02,,,,
4.96E-04,1.60E-02,,,,
4.98E-04,1.60E-02,,,,
5.00E-04,1.60E-02,,,,
5.02E-04,1.60E-02,,,,
5.04E-04,1.60E-02,,,,
5.06E-04,1.80E-02,,,,
5.08E-04,1.80E-02,,,,
5.10E-04,1.80E-02,,,,
5.12E-04,1.80E-02,,,,
5.14E-04,1.60E-02,,,,
5.16E-04,1.60E-02,,,,
5.18E-04,1.80E-02,,,,
5.20E-04,1.80E-02,,,,
5.22E-04,1.60E-02,,,,
5.24E-04,1.60E-02,,,,
5.26E-04,1.80E-02,,,,
5.28E-04,1.80E-02,,,,
5.30E-04,1.80E-02,,,,
5.32E-04,1.80E-02,,,,
5.34E-04,1.80E-02,,,,
5.36E-04,1.80E-02,,,,
5.38E-04,1.80E-02,,,,
5.40E-04,1.80E-02,,,,
5.42E-04,1.60E-02,,,,
5.44E-04,1.60E-02,,,,
5.46E-04,1.80E-02,,,,
5.48E-04,1.80E-02,,,,
5.50E-04,1.80E-02,,,,
5.52E-04,1.80E-02,,,,
5.54E-04,1.60E-02,,,,
5.56E-04,1.60E-02,,,,
5.58E-04,1.80E-02,,,,
5.60E-04,1.80E-02,,,,
5.62E-04,1.60E-02,,,,
5.64E-04,1.60E-02,,,,
5.66E-04,2.00E-02,,,,
5.68E-04,2.00E-02,,,,
5.70E-04,1.80E-02,,,,
5.72E-04,1.80E-02,,,,
5.74E-04,2.20E-02,,,,
5.76E-04,2.20E-02,,,,
5.78E-04,2.00E-02,,,,
5.80E-04,2.00E-02,,,,
5.82E-04,2.00E-02,,,,
5.84E-04,2.00E-02,,,,
5.86E-04,1.80E-02,,,,
5.88E-04,1.80E-02,,,,
5.90E-04,2.00E-02,,,,
5.92E-04,2.00E-02,,,,
5.94E-04,2.20E-02,,,,
5.96E-04,2.20E-02,,,,
5.98E-04,2.00E-02,,,,
6.00E-04,2.00E-02,,,,
6.02E-04,2.00E-02,,,,
6.04E-04,2.00E-02,,,,
6.06E-04,2.00E-02,,,,
6.08E-04,2.00E-02,,,,
6.10E-04,2.00E-02,,,,
6.12E-04,2.00E-02,,,,
6.14E-04,2.00E-02,,,,
6.16E-04,2.00E-02,,,,
6.18E-04,2.00E-02,,,,
6.20E-04,2.00E-02,,,,
6.22E-04,2.00E-02,,,,
6.24E-04,2.00E-02,,,,
6.26E-04,2.20E-02,,,,
6.28E-04,2.20E-02,,,,
6.30E-04,2.20E-02,,,,
6.32E-04,2.20E-02,,,,
6.34E-04,2.20E-02,,,,
6.36E-04,2.20E-02,,,,
6.38E-04,2.20E-02,,,,
6.40E-04,2.20E-02,,,,
6.42E-04,2.00E-02,,,,
6.44E-04,2.00E-02,,,,
6.46E-04,2.60E-02,,,,
6.48E-04,2.60E-02,,,,
6.50E-04,2.20E-02,,,,
6.52E-04,2.20E-02,,,,
6.54E-04,2.40E-02,,,,
6.56E-04,2.40E-02,,,,
6.58E-04,2.20E-02,,,,
6.60E-04,2.20E-02,,,,
6.62E-04,2.20E-02,,,,
6.64E-04,2.20E-02,,,,
6.66E-04,2.20E-02,,,,
6.68E-04,2.20E-02,,,,
6.70E-04,2.40E-02,,,,
6.72E-04,2.40E-02,,,,
6.74E-04,2.20E-02,,,,
6.76E-04,2.20E-02,,,,
6.78E-04,2.40E-02,,,,
6.80E-04,2.40E-02,,,,
6.82E-04,2.40E-02,,,,
6.84E-04,2.40E-02,,,,
6.86E-04,2.40E-02,,,,
6.88E-04,2.40E-02,,,,
6.90E-04,2.40E-02,,,,
6.92E-04,2.40E-02,,,,
6.94E-04,2.20E-02,,,,
6.96E-04,2.20E-02,,,,
6.98E-04,2.60E-02,,,,
7.00E-04,2.60E-02,,,,
7.02E-04,2.40E-02,,,,
7.04E-04,2.40E-02,,,,
7.06E-04,2.80E-02,,,,
7.08E-04,2.80E-02,,,,
7.10E-04,2.40E-02,,,,
7.12E-04,2.40E-02,,,,
7.14E-04,2.40E-02,,,,
7.16E-04,2.40E-02,,,,
7.18E-04,2.80E-02,,,,
7.20E-04,2.80E-02,,,,
7.22E-04,2.60E-02,,,,
7.24E-04,2.60E-02,,,,
7.26E-04,2.80E-02,,,,
7.28E-04,2.80E-02,,,,
7.30E-04,2.60E-02,,,,
7.32E-04,2.60E-02,,,,
7.34E-04,2.40E-02,,,,
7.36E-04,2.40E-02,,,,
7.38E-04,2.60E-02,,,,
7.40E-04,2.60E-02,,,,
7.42E-04,2.40E-02,,,,
7.44E-04,2.40E-02,,,,
7.46E-04,2.80E-02,,,,
7.48E-04,2.80E-02,,,,
7.50E-04,2.60E-02,,,,
7.52E-04,2.60E-02,,,,
7.54E-04,2.80E-02,,,,
7.56E-04,2.80E-02,,,,
7.58E-04,2.60E-02,,,,
7.60E-04,2.60E-02,,,,
7.62E-04,2.80E-02,,,,
7.64E-04,2.80E-02,,,,
7.66E-04,2.60E-02,,,,
7.68E-04,2.60E-02,,,,
7.70E-04,2.80E-02,,,,
7.72E-04,2.80E-02,,,,
7.74E-04,2.80E-02,,,,
7.76E-04,2.80E-02,,,,
7.78E-04,2.80E-02,,,,
7.80E-04,2.80E-02,,,,
7.82E-04,2.80E-02,,,,
7.84E-04,2.80E-02,,,,
7.86E-04,2.80E-02,,,,
7.88E-04,2.80E-02,,,,
7.90E-04,2.80E-02,,,,
7.92E-04,2.80E-02,,,,
7.94E-04,3.00E-02,,,,
7.96E-04,3.00E-02,,,,
7.98E-04,2.60E-02,,,,
8.00E-04,2.60E-02,,,,
8.02E-04,3.00E-02,,,,
8.04E-04,3.00E-02,,,,
8.06E-04,2.80E-02,,,,
8.08E-04,2.80E-02,,,,
8.10E-04,3.00E-02,,,,
8.12E-04,3.00E-02,,,,
8.14E-04,3.00E-02,,,,
8.16E-04,3.00E-02,,,,
8.18E-04,2.80E-02,,,,
8.20E-04,2.80E-02,,,,
8.22E-04,2.80E-02,,,,
8.24E-04,2.80E-02,,,,
8.26E-04,2.80E-02,,,,
8.28E-04,2.80E-02,,,,
8.30E-04,3.20E-02,,,,
8.32E-04,3.20E-02,,,,
8.34E-04,2.80E-02,,,,
8.36E-04,2.80E-02,,,,
8.38E-04,3.00E-02,,,,
8.40E-04,3.00E-02,,,,
8.42E-04,3.00E-02,,,,
8.44E-04,3.00E-02,,,,
8.46E-04,3.00E-02,,,,
8.48E-04,3.00E-02,,,,
8.50E-04,2.80E-02,,,,
8.52E-04,2.80E-02,,,,
8.54E-04,3.00E-02,,,,
8.56E-04,3.00E-02,,,,
8.58E-04,3.00E-02,,,,
8.60E-04,3.00E-02,,,,
8.62E-04,2.80E-02,,,,
8.64E-04,2.80E-02,,,,
8.66E-04,3.00E-02,,,,
8.68E-04,3.00E-02,,,,
8.70E-04,3.00E-02,,,,
8.72E-04,3.00E-02,,,,
8.74E-04,3.00E-02,,,,
8.76E-04,3.00E-02,,,,
8.78E-04,3.00E-02,,,,
8.80E-04,3.00E-02,,,,
8.82E-04,3.00E-02,,,,
8.84E-04,3.00E-02,,,,
8.86E-04,3.00E-02,,,,
8.88E-04,3.00E-02,,,,
8.90E-04,3.00E-02,,,,
8.92E-04,3.00E-02,,,,
8.94E-04,3.20E-02,,,,
8.96E-04,3.20E-02,,,,
8.98E-04,3.20E-02,,,,
9.00E-04,3.20E-02,,,,
9.02E-04,3.00E-02,,,,
9.04E-04,3.00E-02,,,,
9.06E-04,3.20E-02,,,,
9.08E-04,3.20E-02,,,,
9.10E-04,3.00E-02,,,,
9.12E-04,3.00E-02,,,,
9.14E-04,3.00E-02,,,,
9.16E-04,3.00E-02,,,,
9.18E-04,3.40E-02,,,,
9.20E-04,3.40E-02,,,,
9.22E-04,3.20E-02,,,,
9.24E-04,3.20E-02,,,,
9.26E-04,3.40E-02,,,,
9.28E-04,3.40E-02,,,,
9.30E-04,3.40E-02,,,,
9.32E-04,3.40E-02,,,,
9.34E-04,3.40E-02,,,,
9.36E-04,3.40E-02,,,,
9.38E-04,3.20E-02,,,,
9.40E-04,3.20E-02,,,,
9.42E-04,3.40E-02,,,,
9.44E-04,3.40E-02,,,,
9.46E-04,3.40E-02,,,,
9.48E-04,3.40E-02,,,,
9.50E-04,3.40E-02,,,,
9.52E-04,3.40E-02,,,,
9.54E-04,3.40E-02,,,,
9.56E-04,3.40E-02,,,,
9.58E-04,3.20E-02,,,,
9.60E-04,3.20E-02,,,,
9.62E-04,3.40E-02,,,,
9.64E-04,3.40E-02,,,,
9.66E-04,3.20E-02,,,,
9.68E-04,3.20E-02,,,,
9.70E-04,3.40E-02,,,,
9.72E-04,3.40E-02,,,,
9.74E-04,3.60E-02,,,,
9.76E-04,3.60E-02,,,,
9.78E-04,3.40E-02,,,,
9.80E-04,3.40E-02,,,,
9.82E-04,3.40E-02,,,,
9.84E-04,3.40E-02,,,,
9.86E-04,3.40E-02,,,,
9.88E-04,3.40E-02,,,,
9.90E-04,3.60E-02,,,,
9.92E-04,3.60E-02,,,,
9.94E-04,3.40E-02,,,,
9.96E-04,3.40E-02,,,,
9.98E-04,3.40E-02,,,,
1.00E-03,3.40E-02,,,,
1.00E-03,3.40E-02,,,,
1.00E-03,3.40E-02,,,,
1.01E-03,3.60E-02,,,,
1.01E-03,3.60E-02,,,,
1.01E-03,3.60E-02,,,,
1.01E-03,3.60E-02,,,,
1.01E-03,3.60E-02,,,,
1.02E-03,3.60E-02,,,,
1.02E-03,3.60E-02,,,,
1.02E-03,3.60E-02,,,,
1.02E-03,3.80E-02,,,,
1.02E-03,3.80E-02,,,,
1.03E-03,3.60E-02,,,,
1.03E-03,3.60E-02,,,,
1.03E-03,3.60E-02,,,,
1.03E-03,3.60E-02,,,,
1.03E-03,3.80E-02,,,,
1.04E-03,3.80E-02,,,,
1.04E-03,3.60E-02,,,,
1.04E-03,3.60E-02,,,,
1.04E-03,3.60E-02,,,,
1.04E-03,3.60E-02,,,,
1.05E-03,3.60E-02,,,,
1.05E-03,3.60E-02,,,,
1.05E-03,3.80E-02,,,,
1.05E-03,3.80E-02,,,,
1.05E-03,3.80E-02,,,,
1.06E-03,3.80E-02,,,,
1.06E-03,3.60E-02,,,,
1.06E-03,3.60E-02,,,,
1.06E-03,3.80E-02,,,,
1.06E-03,3.80E-02,,,,
1.07E-03,3.80E-02,,,,
1.07E-03,3.80E-02,,,,
1.07E-03,3.60E-02,,,,
1.07E-03,3.60E-02,,,,
1.07E-03,3.80E-02,,,,
1.08E-03,3.80E-02,,,,
1.08E-03,3.60E-02,,,,
1.08E-03,3.60E-02,,,,
1.08E-03,3.80E-02,,,,
1.08E-03,3.80E-02,,,,
1.09E-03,4.00E-02,,,,
1.09E-03,4.00E-02,,,,
1.09E-03,4.00E-02,,,,
1.09E-03,4.00E-02,,,,
1.09E-03,3.80E-02,,,,
1.10E-03,3.80E-02,,,,
1.10E-03,4.00E-02,,,,
1.10E-03,4.00E-02,,,,
1.10E-03,4.00E-02,,,,
1.10E-03,4.00E-02,,,,
1.11E-03,3.80E-02,,,,
1.11E-03,3.80E-02,,,,
1.11E-03,4.00E-02,,,,
1.11E-03,4.00E-02,,,,
1.11E-03,3.80E-02,,,,
1.12E-03,3.80E-02,,,,
1.12E-03,4.00E-02,,,,
1.12E-03,4.00E-02,,,,
1.12E-03,4.00E-02,,,,
1.12E-03,4.00E-02,,,,
1.13E-03,4.20E-02,,,,
1.13E-03,4.20E-02,,,,
1.13E-03,4.20E-02,,,,
1.13E-03,4.20E-02,,,,
1.13E-03,3.80E-02,,,,
1.14E-03,3.80E-02,,,,
1.14E-03,4.20E-02,,,,
1.14E-03,4.20E-02,,,,
1.14E-03,3.80E-02,,,,
1.14E-03,3.80E-02,,,,
1.15E-03,3.80E-02,,,,
1.15E-03,3.80E-02,,,,
1.15E-03,4.20E-02,,,,
1.15E-03,4.20E-02,,,,
1.15E-03,4.20E-02,,,,
1.16E-03,4.20E-02,,,,
1.16E-03,4.20E-02,,,,
1.16E-03,4.20E-02,,,,
1.16E-03,4.20E-02,,,,
1.16E-03,4.20E-02,,,,
1.17E-03,4.20E-02,,,,
1.17E-03,4.20E-02,,,,
1.17E-03,4.40E-02,,,,
1.17E-03,4.40E-02,,,,
1.17E-03,4.00E-02,,,,
1.18E-03,4.00E-02,,,,
1.18E-03,4.00E-02,,,,
1.18E-03,4.00E-02,,,,
1.18E-03,4.00E-02,,,,
1.18E-03,4.00E-02,,,,
1.19E-03,4.20E-02,,,,
1.19E-03,4.20E-02,,,,
1.19E-03,4.20E-02,,,,
1.19E-03,4.20E-02,,,,
1.19E-03,4.00E-02,,,,
1.20E-03,4.00E-02,,,,
1.20E-03,4.20E-02,,,,
1.20E-03,4.20E-02,,,,
1.20E-03,4.20E-02,,,,
1.20E-03,4.20E-02,,,,
1.21E-03,4.40E-02,,,,
1.21E-03,4.40E-02,,,,
1.21E-03,4.40E-02,,,,
1.21E-03,4.40E-02,,,,
1.21E-03,4.40E-02,,,,
1.22E-03,4.40E-02,,,,
1.22E-03,4.20E-02,,,,
1.22E-03,4.20E-02,,,,
1.22E-03,4.20E-02,,,,
1.22E-03,4.20E-02,,,,
1.23E-03,4.40E-02,,,,
1.23E-03,4.40E-02,,,,
1.23E-03,4.40E-02,,,,
1.23E-03,4.40E-02,,,,
1.23E-03,4.40E-02,,,,
1.24E-03,4.40E-02,,,,
1.24E-03,4.60E-02,,,,
1.24E-03,4.60E-02,,,,
1.24E-03,4.40E-02,,,,
1.24E-03,4.40E-02,,,,
1.25E-03,4.40E-02,,,,
1.25E-03,4.40E-02,,,,
1.25E-03,4.40E-02,,,,
1.25E-03,4.40E-02,,,,
1.25E-03,4.40E-02,,,,
1.26E-03,4.40E-02,,,,
1.26E-03,4.40E-02,,,,
1.26E-03,4.40E-02,,,,
1.26E-03,4.40E-02,,,,
1.26E-03,4.40E-02,,,,
1.27E-03,4.60E-02,,,,
1.27E-03,4.60E-02,,,,
1.27E-03,4.40E-02,,,,
1.27E-03,4.40E-02,,,,
1.27E-03,4.80E-02,,,,
1.28E-03,4.80E-02,,,,
1.28E-03,4.40E-02,,,,
1.28E-03,4.40E-02,,,,
1.28E-03,4.40E-02,,,,
1.28E-03,4.40E-02,,,,
1.29E-03,4.20E-02,,,,
1.29E-03,4.20E-02,,,,
1.29E-03,4.40E-02,,,,
1.29E-03,4.40E-02,,,,
1.29E-03,4.60E-02,,,,
1.30E-03,4.60E-02,,,,
1.30E-03,4.60E-02,,,,
1.30E-03,4.60E-02,,,,
1.30E-03,4.80E-02,,,,
1.30E-03,4.80E-02,,,,
1.31E-03,4.60E-02,,,,
1.31E-03,4.60E-02,,,,
1.31E-03,4.80E-02,,,,
1.31E-03,4.80E-02,,,,
1.31E-03,5.00E-02,,,,
1.32E-03,5.00E-02,,,,
1.32E-03,4.60E-02,,,,
1.32E-03,4.60E-02,,,,
1.32E-03,4.80E-02,,,,
1.32E-03,4.80E-02,,,,
1.33E-03,4.80E-02,,,,
1.33E-03,4.80E-02,,,,
1.33E-03,4.80E-02,,,,
1.33E-03,4.80E-02,,,,
1.33E-03,4.80E-02,,,,
1.34E-03,4.80E-02,,,,
1.34E-03,5.00E-02,,,,
1.34E-03,5.00E-02,,,,
1.34E-03,4.60E-02,,,,
1.34E-03,4.60E-02,,,,
1.35E-03,4.80E-02,,,,
1.35E-03,4.80E-02,,,,
1.35E-03,4.80E-02,,,,
1.35E-03,4.80E-02,,,,
1.35E-03,4.60E-02,,,,
1.36E-03,4.60E-02,,,,
1.36E-03,4.80E-02,,,,
1.36E-03,4.80E-02,,,,
1.36E-03,4.80E-02,,,,
1.36E-03,4.80E-02,,,,
1.37E-03,4.80E-02,,,,
1.37E-03,4.80E-02,,,,
1.37E-03,4.80E-02,,,,
1.37E-03,4.80E-02,,,,
1.37E-03,5.00E-02,,,,
1.38E-03,5.00E-02,,,,
1.38E-03,5.00E-02,,,,
1.38E-03,5.00E-02,,,,
1.38E-03,4.80E-02,,,,
1.38E-03,4.80E-02,,,,
1.39E-03,5.00E-02,,,,
1.39E-03,5.00E-02,,,,
1.39E-03,4.80E-02,,,,
1.39E-03,4.80E-02,,,,
1.39E-03,5.00E-02,,,,
1.40E-03,5.00E-02,,,,
1.40E-03,5.00E-02,,,,
1.40E-03,5.00E-02,,,,
1.40E-03,5.00E-02,,,,
1.40E-03,5.00E-02,,,,
1.41E-03,5.00E-02,,,,
1.41E-03,5.00E-02,,,,
1.41E-03,5.00E-02,,,,
1.41E-03,5.00E-02,,,,
1.41E-03,5.00E-02,,,,
1.42E-03,5.00E-02,,,,
1.42E-03,5.00E-02,,,,
1.42E-03,5.00E-02,,,,
1.42E-03,5.00E-02,,,,
1.42E-03,5.00E-02,,,,
1.43E-03,5.20E-02,,,,
1.43E-03,5.20E-02,,,,
1.43E-03,5.20E-02,,,,
1.43E-03,5.20E-02,,,,
1.43E-03,5.20E-02,,,,
1.44E-03,5.20E-02,,,,
1.44E-03,5.00E-02,,,,
1.44E-03,5.00E-02,,,,
1.44E-03,5.20E-02,,,,
1.44E-03,5.20E-02,,,,
1.45E-03,5.20E-02,,,,
1.45E-03,5.20E-02,,,,
1.45E-03,5.20E-02,,,,
1.45E-03,5.20E-02,,,,
1.45E-03,5.20E-02,,,,
1.46E-03,5.20E-02,,,,
1.46E-03,5.20E-02,,,,
1.46E-03,5.20E-02,,,,
1.46E-03,5.20E-02,,,,
1.46E-03,5.20E-02,,,,
1.47E-03,5.20E-02,,,,
1.47E-03,5.20E-02,,,,
1.47E-03,5.40E-02,,,,
1.47E-03,5.40E-02,,,,
1.47E-03,5.20E-02,,,,
1.48E-03,5.20E-02,,,,
1.48E-03,5.20E-02,,,,
1.48E-03,5.20E-02,,,,
1.48E-03,5.20E-02,,,,
1.48E-03,5.20E-02,,,,
1.49E-03,5.20E-02,,,,
1.49E-03,5.20E-02,,,,
1.49E-03,5.20E-02,,,,
1.49E-03,5.20E-02,,,,
1.49E-03,5.40E-02,,,,
1.50E-03,5.40E-02,,,,
1.50E-03,5.40E-02,,,,
1.50E-03,5.40E-02,,,,
1.50E-03,5.20E-02,,,,
1.50E-03,5.20E-02,,,,
1.51E-03,5.40E-02,,,,
1.51E-03,5.40E-02,,,,
1.51E-03,5.20E-02,,,,
1.51E-03,5.20E-02,,,,
1.51E-03,5.40E-02,,,,
1.52E-03,5.40E-02,,,,
1.52E-03,5.40E-02,,,,
1.52E-03,5.40E-02,,,,
1.52E-03,5.20E-02,,,,
1.52E-03,5.20E-02,,,,
1.53E-03,5.20E-02,,,,
1.53E-03,5.20E-02,,,,
1.53E-03,5.40E-02,,,,
1.53E-03,5.40E-02,,,,
1.53E-03,5.40E-02,,,,
1.54E-03,5.40E-02,,,,
1.54E-03,5.60E-02,,,,
1.54E-03,5.60E-02,,,,
1.54E-03,5.40E-02,,,,
1.54E-03,5.40E-02,,,,
1.55E-03,5.60E-02,,,,
1.55E-03,5.60E-02,,,,
1.55E-03,5.40E-02,,,,
1.55E-03,5.40E-02,,,,
1.55E-03,5.40E-02,,,,
1.56E-03,5.40E-02,,,,
1.56E-03,5.80E-02,,,,
1.56E-03,5.80E-02,,,,
1.56E-03,5.60E-02,,,,
1.56E-03,5.60E-02,,,,
1.57E-03,5.60E-02,,,,
1.57E-03,5.60E-02,,,,
1.57E-03,5.60E-02,,,,
1.57E-03,5.60E-02,,,,
1.57E-03,5.60E-02,,,,
1.58E-03,5.60E-02,,,,
1.58E-03,5.60E-02,,,,
1.58E-03,5.60E-02,,,,
1.58E-03,5.80E-02,,,,
1.58E-03,5.80E-02,,,,
1.59E-03,5.80E-02,,,,
1.59E-03,5.80E-02,,,,
1.59E-03,5.80E-02,,,,
1.59E-03,5.80E-02,,,,
1.59E-03,5.60E-02,,,,
1.60E-03,5.60E-02,,,,
1.60E-03,5.80E-02,,,,
1.60E-03,5.80E-02,,,,
1.60E-03,5.60E-02,,,,
1.60E-03,5.60E-02,,,,
1.61E-03,5.60E-02,,,,
1.61E-03,5.60E-02,,,,
1.61E-03,5.80E-02,,,,
1.61E-03,5.80E-02,,,,
1.61E-03,5.80E-02,,,,
1.62E-03,5.80E-02,,,,
1.62E-03,5.80E-02,,,,
1.62E-03,5.80E-02,,,,
1.62E-03,5.80E-02,,,,
1.62E-03,5.80E-02,,,,
1.63E-03,5.80E-02,,,,
1.63E-03,5.80E-02,,,,
1.63E-03,5.80E-02,,,,
1.63E-03,5.80E-02,,,,
1.63E-03,6.00E-02,,,,
1.64E-03,6.00E-02,,,,
1.64E-03,5.80E-02,,,,
1.64E-03,5.80E-02,,,,
1.64E-03,5.80E-02,,,,
1.64E-03,5.80E-02,,,,
1.65E-03,5.80E-02,,,,
1.65E-03,5.80E-02,,,,
1.65E-03,6.00E-02,,,,
1.65E-03,6.00E-02,,,,
1.65E-03,6.00E-02,,,,
1.66E-03,6.00E-02,,,,
1.66E-03,5.80E-02,,,,
1.66E-03,5.80E-02,,,,
1.66E-03,5.80E-02,,,,
1.66E-03,5.80E-02,,,,
1.67E-03,6.00E-02,,,,
1.67E-03,6.00E-02,,,,
1.67E-03,5.80E-02,,,,
1.67E-03,5.80E-02,,,,
1.67E-03,6.00E-02,,,,
1.68E-03,6.00E-02,,,,
1.68E-03,6.00E-02,,,,
1.68E-03,6.00E-02,,,,
1.68E-03,6.00E-02,,,,
1.68E-03,6.00E-02,,,,
1.69E-03,5.80E-02,,,,
1.69E-03,5.80E-02,,,,
1.69E-03,5.80E-02,,,,
1.69E-03,5.80E-02,,,,
1.69E-03,6.00E-02,,,,
1.70E-03,6.00E-02,,,,
1.70E-03,6.00E-02,,,,
1.70E-03,6.00E-02,,,,
1.70E-03,6.00E-02,,,,
1.70E-03,6.00E-02,,,,
1.71E-03,6.20E-02,,,,
1.71E-03,6.20E-02,,,,
1.71E-03,6.00E-02,,,,
1.71E-03,6.00E-02,,,,
1.71E-03,6.20E-02,,,,
1.72E-03,6.20E-02,,,,
1.72E-03,6.00E-02,,,,
1.72E-03,6.00E-02,,,,
1.72E-03,6.20E-02,,,,
1.72E-03,6.20E-02,,,,
1.73E-03,6.20E-02,,,,
1.73E-03,6.20E-02,,,,
1.73E-03,6.40E-02,,,,
1.73E-03,6.40E-02,,,,
1.73E-03,6.00E-02,,,,
1.74E-03,6.00E-02,,,,
1.74E-03,6.00E-02,,,,
1.74E-03,6.00E-02,,,,
1.74E-03,6.20E-02,,,,
1.74E-03,6.20E-02,,,,
1.75E-03,6.20E-02,,,,
1.75E-03,6.20E-02,,,,
1.75E-03,6.20E-02,,,,
1.75E-03,6.20E-02,,,,
1.75E-03,6.00E-02,,,,
1.76E-03,6.00E-02,,,,
1.76E-03,6.20E-02,,,,
1.76E-03,6.20E-02,,,,
1.76E-03,6.20E-02,,,,
1.76E-03,6.20E-02,,,,
1.77E-03,6.20E-02,,,,
1.77E-03,6.20E-02,,,,
1.77E-03,6.40E-02,,,,
1.77E-03,6.40E-02,,,,
1.77E-03,6.40E-02,,,,
1.78E-03,6.40E-02,,,,
1.78E-03,6.40E-02,,,,
1.78E-03,6.40E-02,,,,
1.78E-03,6.20E-02,,,,
1.78E-03,6.20E-02,,,,
1.79E-03,6.40E-02,,,,
1.79E-03,6.40E-02,,,,
1.79E-03,6.20E-02,,,,
1.79E-03,6.20E-02,,,,
1.79E-03,6.40E-02,,,,
1.80E-03,6.40E-02,,,,
1.80E-03,6.40E-02,,,,
1.80E-03,6.40E-02,,,,
1.80E-03,6.40E-02,,,,
1.80E-03,6.40E-02,,,,
1.81E-03,6.40E-02,,,,
1.81E-03,6.40E-02,,,,
1.81E-03,6.20E-02,,,,
1.81E-03,6.20E-02,,,,
1.81E-03,6.40E-02,,,,
1.82E-03,6.40E-02,,,,
1.82E-03,6.60E-02,,,,
1.82E-03,6.60E-02,,,,
1.82E-03,6.40E-02,,,,
1.82E-03,6.40E-02,,,,
1.83E-03,6.40E-02,,,,
1.83E-03,6.40E-02,,,,
1.83E-03,6.40E-02,,,,
1.83E-03,6.40E-02,,,,
1.83E-03,6.20E-02,,,,
1.84E-03,6.20E-02,,,,
1.84E-03,6.60E-02,,,,
1.84E-03,6.60E-02,,,,
1.84E-03,6.40E-02,,,,
1.84E-03,6.40E-02,,,,
1.85E-03,6.40E-02,,,,
1.85E-03,6.40E-02,,,,
1.85E-03,6.40E-02,,,,
1.85E-03,6.40E-02,,,,
1.85E-03,6.20E-02,,,,
1.86E-03,6.20E-02,,,,
1.86E-03,6.60E-02,,,,
1.86E-03,6.60E-02,,,,
1.86E-03,6.60E-02,,,,
1.86E-03,6.60E-02,,,,
1.87E-03,6.60E-02,,,,
1.87E-03,6.60E-02,,,,
1.87E-03,6.40E-02,,,,
1.87E-03,6.40E-02,,,,
1.87E-03,6.60E-02,,,,
1.88E-03,6.60E-02,,,,
1.88E-03,6.60E-02,,,,
1.88E-03,6.60E-02,,,,
1.88E-03,6.60E-02,,,,
1.88E-03,6.60E-02,,,,
1.89E-03,6.80E-02,,,,
1.89E-03,6.80E-02,,,,
1.89E-03,6.60E-02,,,,
1.89E-03,6.60E-02,,,,
1.89E-03,6.80E-02,,,,
1.90E-03,6.80E-02,,,,
1.90E-03,6.60E-02,,,,
1.90E-03,6.60E-02,,,,
1.90E-03,6.60E-02,,,,
1.90E-03,6.60E-02,,,,
1.91E-03,6.60E-02,,,,
1.91E-03,6.60E-02,,,,
1.91E-03,6.80E-02,,,,
1.91E-03,6.80E-02,,,,
1.91E-03,6.60E-02,,,,
1.92E-03,6.60E-02,,,,
1.92E-03,6.60E-02,,,,
1.92E-03,6.60E-02,,,,
1.92E-03,6.80E-02,,,,
1.92E-03,6.80E-02,,,,
1.93E-03,6.80E-02,,,,
1.93E-03,6.80E-02,,,,
1.93E-03,6.80E-02,,,,
1.93E-03,6.80E-02,,,,
1.93E-03,6.80E-02,,,,
1.94E-03,6.80E-02,,,,
1.94E-03,6.80E-02,,,,
1.94E-03,6.80E-02,,,,
1.94E-03,6.80E-02,,,,
1.94E-03,6.80E-02,,,,
1.95E-03,7.00E-02,,,,
1.95E-03,7.00E-02,,,,
1.95E-03,6.80E-02,,,,
1.95E-03,6.80E-02,,,,
1.95E-03,6.80E-02,,,,
1.96E-03,6.80E-02,,,,
1.96E-03,6.80E-02,,,,
1.96E-03,6.80E-02,,,,
1.96E-03,7.00E-02,,,,
1.96E-03,7.00E-02,,,,
1.97E-03,6.80E-02,,,,
1.97E-03,6.80E-02,,,,
1.97E-03,6.80E-02,,,,
1.97E-03,6.80E-02,,,,
1.97E-03,6.80E-02,,,,
1.98E-03,6.80E-02,,,,
1.98E-03,7.00E-02,,,,
1.98E-03,7.00E-02,,,,
1.98E-03,7.00E-02,,,,
1.98E-03,7.00E-02,,,,
1.99E-03,6.80E-02,,,,
1.99E-03,6.80E-02,,,,
1.99E-03,7.00E-02,,,,
1.99E-03,7.00E-02,,,,
1.99E-03,7.00E-02,,,,
2.00E-03,7.00E-02,,,,
2.00E-03,7.00E-02,,,,
2.00E-03,7.00E-02,,,,
2.00E-03,7.00E-02,,,,
2.00E-03,7.00E-02,,,,
2.01E-03,7.00E-02,,,,
2.01E-03,7.00E-02,,,,
2.01E-03,7.20E-02,,,,
2.01E-03,7.20E-02,,,,
2.01E-03,6.80E-02,,,,
2.02E-03,6.80E-02,,,,
2.02E-03,7.00E-02,,,,
2.02E-03,7.00E-02,,,,
2.02E-03,7.20E-02,,,,
2.02E-03,7.20E-02,,,,
2.03E-03,7.20E-02,,,,
2.03E-03,7.20E-02,,,,
2.03E-03,7.00E-02,,,,
2.03E-03,7.00E-02,,,,
2.03E-03,7.20E-02,,,,
2.04E-03,7.20E-02,,,,
2.04E-03,7.20E-02,,,,
2.04E-03,7.20E-02,,,,
2.04E-03,7.20E-02,,,,
2.04E-03,7.20E-02,,,,
2.05E-03,7.20E-02,,,,
2.05E-03,7.20E-02,,,,
2.05E-03,7.40E-02,,,,
2.05E-03,7.40E-02,,,,
2.05E-03,7.40E-02,,,,
2.06E-03,7.40E-02,,,,
2.06E-03,7.40E-02,,,,
2.06E-03,7.40E-02,,,,
2.06E-03,7.20E-02,,,,
2.06E-03,7.20E-02,,,,
2.07E-03,7.40E-02,,,,
2.07E-03,7.40E-02,,,,
2.07E-03,7.60E-02,,,,
2.07E-03,7.60E-02,,,,
2.07E-03,7.20E-02,,,,
2.08E-03,7.20E-02,,,,
2.08E-03,7.40E-02,,,,
2.08E-03,7.40E-02,,,,
2.08E-03,7.40E-02,,,,
2.08E-03,7.40E-02,,,,
2.09E-03,7.60E-02,,,,
2.09E-03,7.60E-02,,,,
2.09E-03,7.40E-02,,,,
2.09E-03,7.40E-02,,,,
2.09E-03,7.60E-02,,,,
2.10E-03,7.60E-02,,,,
2.10E-03,7.60E-02,,,,
2.10E-03,7.60E-02,,,,
2.10E-03,7.40E-02,,,,
2.10E-03,7.40E-02,,,,
2.11E-03,7.40E-02,,,,
2.11E-03,7.40E-02,,,,
2.11E-03,7.60E-02,,,,
2.11E-03,7.60E-02,,,,
2.11E-03,7.60E-02,,,,
2.12E-03,7.60E-02,,,,
2.12E-03,7.60E-02,,,,
2.12E-03,7.60E-02,,,,
2.12E-03,7.60E-02,,,,
2.12E-03,7.60E-02,,,,
2.13E-03,7.60E-02,,,,
2.13E-03,7.60E-02,,,,
2.13E-03,7.80E-02,,,,
2.13E-03,7.80E-02,,,,
2.13E-03,7.60E-02,,,,
2.14E-03,7.60E-02,,,,
2.14E-03,7.80E-02,,,,
2.14E-03,7.80E-02,,,,
2.14E-03,7.60E-02,,,,
2.14E-03,7.60E-02,,,,
2.15E-03,7.40E-02,,,,
2.15E-03,7.40E-02,,,,
2.15E-03,7.60E-02,,,,
2.15E-03,7.60E-02,,,,
2.15E-03,7.40E-02,,,,
2.16E-03,7.40E-02,,,,
2.16E-03,7.80E-02,,,,
2.16E-03,7.80E-02,,,,
2.16E-03,7.40E-02,,,,
2.16E-03,7.40E-02,,,,
2.17E-03,8.00E-02,,,,
2.17E-03,8.00E-02,,,,
2.17E-03,7.80E-02,,,,
2.17E-03,7.80E-02,,,,
2.17E-03,7.80E-02,,,,
2.18E-03,7.80E-02,,,,
2.18E-03,8.00E-02,,,,
2.18E-03,8.00E-02,,,,
2.18E-03,7.80E-02,,,,
2.18E-03,7.80E-02,,,,
2.19E-03,7.80E-02,,,,
2.19E-03,7.80E-02,,,,
2.19E-03,8.00E-02,,,,
2.19E-03,8.00E-02,,,,
2.19E-03,7.80E-02,,,,
2.20E-03,7.80E-02,,,,
2.20E-03,7.80E-02,,,,
2.20E-03,7.80E-02,,,,
2.20E-03,8.00E-02,,,,
2.20E-03,8.00E-02,,,,
2.21E-03,7.80E-02,,,,
2.21E-03,7.80E-02,,,,
2.21E-03,7.80E-02,,,,
2.21E-03,7.80E-02,,,,
2.21E-03,7.80E-02,,,,
2.22E-03,7.80E-02,,,,
2.22E-03,7.60E-02,,,,
2.22E-03,7.60E-02,,,,
2.22E-03,7.40E-02,,,,
2.22E-03,7.40E-02,,,,
2.23E-03,7.60E-02,,,,
2.23E-03,7.60E-02,,,,
2.23E-03,7.80E-02,,,,
2.23E-03,7.80E-02,,,,
2.23E-03,7.80E-02,,,,
2.24E-03,7.80E-02,,,,
2.24E-03,7.60E-02,,,,
2.24E-03,7.60E-02,,,,
2.24E-03,7.60E-02,,,,
2.24E-03,7.60E-02,,,,
2.25E-03,7.60E-02,,,,
2.25E-03,7.60E-02,,,,
2.25E-03,7.60E-02,,,,
2.25E-03,7.60E-02,,,,
2.25E-03,7.60E-02,,,,
2.26E-03,7.60E-02,,,,
2.26E-03,7.60E-02,,,,
2.26E-03,7.60E-02,,,,
2.26E-03,7.80E-02,,,,
2.26E-03,7.80E-02,,,,
2.27E-03,7.60E-02,,,,
2.27E-03,7.60E-02,,,,
2.27E-03,7.40E-02,,,,
2.27E-03,7.40E-02,,,,
2.27E-03,7.40E-02,,,,
2.28E-03,7.40E-02,,,,
2.28E-03,7.40E-02,,,,
2.28E-03,7.40E-02,,,,
2.28E-03,7.40E-02,,,,
2.28E-03,7.40E-02,,,,
2.29E-03,7.20E-02,,,,
2.29E-03,7.20E-02,,,,
2.29E-03,7.60E-02,,,,
2.29E-03,7.60E-02,,,,
2.29E-03,7.20E-02,,,,
2.30E-03,7.20E-02,,,,
2.30E-03,7.60E-02,,,,
2.30E-03,7.60E-02,,,,
2.30E-03,7.20E-02,,,,
2.30E-03,7.20E-02,,,,
2.31E-03,7.40E-02,,,,
2.31E-03,7.40E-02,,,,
2.31E-03,7.40E-02,,,,
2.31E-03,7.40E-02,,,,
2.31E-03,7.40E-02,,,,
2.32E-03,7.40E-02,,,,
2.32E-03,7.80E-02,,,,
2.32E-03,7.80E-02,,,,
2.32E-03,7.20E-02,,,,
2.32E-03,7.20E-02,,,,
2.33E-03,7.00E-02,,,,
2.33E-03,7.00E-02,,,,
2.33E-03,7.20E-02,,,,
2.33E-03,7.20E-02,,,,
2.33E-03,7.40E-02,,,,
2.34E-03,7.40E-02,,,,
2.34E-03,7.20E-02,,,,
2.34E-03,7.20E-02,,,,
2.34E-03,7.40E-02,,,,
2.34E-03,7.40E-02,,,,
2.35E-03,7.20E-02,,,,
2.35E-03,7.20E-02,,,,
2.35E-03,7.00E-02,,,,
2.35E-03,7.00E-02,,,,
2.35E-03,7.40E-02,,,,
2.36E-03,7.40E-02,,,,
2.36E-03,7.00E-02,,,,
2.36E-03,7.00E-02,,,,
2.36E-03,7.00E-02,,,,
2.36E-03,7.00E-02,,,,
2.37E-03,7.00E-02,,,,
2.37E-03,7.00E-02,,,,
2.37E-03,7.00E-02,,,,
2.37E-03,7.00E-02,,,,
2.37E-03,7.00E-02,,,,
2.38E-03,7.00E-02,,,,
2.38E-03,7.00E-02,,,,
2.38E-03,7.00E-02,,,,
2.38E-03,6.80E-02,,,,
2.38E-03,6.80E-02,,,,
2.39E-03,7.00E-02,,,,
2.39E-03,7.00E-02,,,,
2.39E-03,7.00E-02,,,,
2.39E-03,7.00E-02,,,,
2.39E-03,7.00E-02,,,,
2.40E-03,7.00E-02,,,,
2.40E-03,7.20E-02,,,,
2.40E-03,7.20E-02,,,,
2.40E-03,6.80E-02,,,,
2.40E-03,6.80E-02,,,,
2.41E-03,7.00E-02,,,,
2.41E-03,7.00E-02,,,,
2.41E-03,6.80E-02,,,,
2.41E-03,6.80E-02,,,,
2.41E-03,6.80E-02,,,,
2.42E-03,6.80E-02,,,,
2.42E-03,6.80E-02,,,,
2.42E-03,6.80E-02,,,,
2.42E-03,7.00E-02,,,,
2.42E-03,7.00E-02,,,,
2.43E-03,6.80E-02,,,,
2.43E-03,6.80E-02,,,,
2.43E-03,6.60E-02,,,,
2.43E-03,6.60E-02,,,,
2.43E-03,6.80E-02,,,,
2.44E-03,6.80E-02,,,,
2.44E-03,7.00E-02,,,,
2.44E-03,7.00E-02,,,,
2.44E-03,6.80E-02,,,,
2.44E-03,6.80E-02,,,,
2.45E-03,6.80E-02,,,,
2.45E-03,6.80E-02,,,,
2.45E-03,6.60E-02,,,,
2.45E-03,6.60E-02,,,,
2.45E-03,6.80E-02,,,,
2.46E-03,6.80E-02,,,,
2.46E-03,7.00E-02,,,,
2.46E-03,7.00E-02,,,,
2.46E-03,7.00E-02,,,,
2.46E-03,7.00E-02,,,,
2.47E-03,6.80E-02,,,,
2.47E-03,6.80E-02,,,,
2.47E-03,6.80E-02,,,,
2.47E-03,6.80E-02,,,,
2.47E-03,6.80E-02,,,,
2.48E-03,6.80E-02,,,,
2.48E-03,6.80E-02,,,,
2.48E-03,6.80E-02,,,,
2.48E-03,6.80E-02,,,,
2.48E-03,6.80E-02,,,,
2.49E-03,6.40E-02,,,,
2.49E-03,6.40E-02,,,,
2.49E-03,6.60E-02,,,,
2.49E-03,6.60E-02,,,,
2.49E-03,6.60E-02,,,,
2.50E-03,6.60E-02,,,,
2.50E-03,6.60E-02,,,,
2.50E-03,6.60E-02,,,,
2.50E-03,6.60E-02,,,,
2.50E-03,6.60E-02,,,,
2.51E-03,6.60E-02,,,,
2.51E-03,6.60E-02,,,,
2.51E-03,6.60E-02,,,,
2.51E-03,6.60E-02,,,,
2.51E-03,6.40E-02,,,,
2.52E-03,6.40E-02,,,,
2.52E-03,6.60E-02,,,,
2.52E-03,6.60E-02,,,,
2.52E-03,6.40E-02,,,,
2.52E-03,6.40E-02,,,,
2.53E-03,6.40E-02,,,,
2.53E-03,6.40E-02,,,,
2.53E-03,6.80E-02,,,,
2.53E-03,6.80E-02,,,,
2.53E-03,6.40E-02,,,,
2.54E-03,6.40E-02,,,,
2.54E-03,6.40E-02,,,,
2.54E-03,6.40E-02,,,,
2.54E-03,6.40E-02,,,,
2.54E-03,6.40E-02,,,,
2.55E-03,6.40E-02,,,,
2.55E-03,6.40E-02,,,,
2.55E-03,6.40E-02,,,,
2.55E-03,6.40E-02,,,,
2.55E-03,6.20E-02,,,,
2.56E-03,6.20E-02,,,,
2.56E-03,6.40E-02,,,,
2.56E-03,6.40E-02,,,,
2.56E-03,6.40E-02,,,,
2.56E-03,6.40E-02,,,,
2.57E-03,6.40E-02,,,,
2.57E-03,6.40E-02,,,,
2.57E-03,6.40E-02,,,,
2.57E-03,6.40E-02,,,,
2.57E-03,6.20E-02,,,,
2.58E-03,6.20E-02,,,,
2.58E-03,6.40E-02,,,,
2.58E-03,6.40E-02,,,,
2.58E-03,6.20E-02,,,,
2.58E-03,6.20E-02,,,,
2.59E-03,6.20E-02,,,,
2.59E-03,6.20E-02,,,,
2.59E-03,6.20E-02,,,,
2.59E-03,6.20E-02,,,,
2.59E-03,6.20E-02,,,,
2.60E-03,6.20E-02,,,,
2.60E-03,6.40E-02,,,,
2.60E-03,6.40E-02,,,,
2.60E-03,6.20E-02,,,,
2.60E-03,6.20E-02,,,,
2.61E-03,6.20E-02,,,,
2.61E-03,6.20E-02,,,,
2.61E-03,6.20E-02,,,,
2.61E-03,6.20E-02,,,,
2.61E-03,6.20E-02,,,,
2.62E-03,6.20E-02,,,,
2.62E-03,6.20E-02,,,,
2.62E-03,6.20E-02,,,,
2.62E-03,6.20E-02,,,,
2.62E-03,6.20E-02,,,,
2.63E-03,6.20E-02,,,,
2.63E-03,6.20E-02,,,,
2.63E-03,6.20E-02,,,,
2.63E-03,6.20E-02,,,,
2.63E-03,6.20E-02,,,,
2.64E-03,6.20E-02,,,,
2.64E-03,6.20E-02,,,,
2.64E-03,6.20E-02,,,,
2.64E-03,6.20E-02,,,,
2.64E-03,6.20E-02,,,,
2.65E-03,6.20E-02,,,,
2.65E-03,6.20E-02,,,,
2.65E-03,6.20E-02,,,,
2.65E-03,6.20E-02,,,,
2.65E-03,5.80E-02,,,,
2.66E-03,5.80E-02,,,,
2.66E-03,6.00E-02,,,,
2.66E-03,6.00E-02,,,,
2.66E-03,6.20E-02,,,,
2.66E-03,6.20E-02,,,,
2.67E-03,6.00E-02,,,,
2.67E-03,6.00E-02,,,,
2.67E-03,6.00E-02,,,,
2.67E-03,6.00E-02,,,,
2.67E-03,5.80E-02,,,,
2.68E-03,5.80E-02,,,,
2.68E-03,6.20E-02,,,,
2.68E-03,6.20E-02,,,,
2.68E-03,6.20E-02,,,,
2.68E-03,6.20E-02,,,,
2.69E-03,6.00E-02,,,,
2.69E-03,6.00E-02,,,,
2.69E-03,6.00E-02,,,,
2.69E-03,6.00E-02,,,,
2.69E-03,5.80E-02,,,,
2.70E-03,5.80E-02,,,,
2.70E-03,5.80E-02,,,,
2.70E-03,5.80E-02,,,,
2.70E-03,5.80E-02,,,,
2.70E-03,5.80E-02,,,,
2.71E-03,6.00E-02,,,,
2.71E-03,6.00E-02,,,,
2.71E-03,6.00E-02,,,,
2.71E-03,6.00E-02,,,,
2.71E-03,6.00E-02,,,,
2.72E-03,6.00E-02,,,,
2.72E-03,5.80E-02,,,,
2.72E-03,5.80E-02,,,,
2.72E-03,5.80E-02,,,,
2.72E-03,5.80E-02,,,,
2.73E-03,5.80E-02,,,,
2.73E-03,5.80E-02,,,,
2.73E-03,6.00E-02,,,,
2.73E-03,6.00E-02,,,,
2.73E-03,5.80E-02,,,,
2.74E-03,5.80E-02,,,,
2.74E-03,5.80E-02,,,,
2.74E-03,5.80E-02,,,,
2.74E-03,5.80E-02,,,,
2.74E-03,5.80E-02,,,,
2.75E-03,5.60E-02,,,,
2.75E-03,5.60E-02,,,,
2.75E-03,5.60E-02,,,,
2.75E-03,5.60E-02,,,,
2.75E-03,5.80E-02,,,,
2.76E-03,5.80E-02,,,,
2.76E-03,5.80E-02,,,,
2.76E-03,5.80E-02,,,,
2.76E-03,5.80E-02,,,,
2.76E-03,5.80E-02,,,,
2.77E-03,5.80E-02,,,,
2.77E-03,5.80E-02,,,,
2.77E-03,5.60E-02,,,,
2.77E-03,5.60E-02,,,,
2.77E-03,5.60E-02,,,,
2.78E-03,5.60E-02,,,,
2.78E-03,5.80E-02,,,,
2.78E-03,5.80E-02,,,,
2.78E-03,5.80E-02,,,,
2.78E-03,5.80E-02,,,,
2.79E-03,5.60E-02,,,,
2.79E-03,5.60E-02,,,,
2.79E-03,5.40E-02,,,,
2.79E-03,5.40E-02,,,,
2.79E-03,5.40E-02,,,,
2.80E-03,5.40E-02,,,,
2.80E-03,5.60E-02,,,,
2.80E-03,5.60E-02,,,,
2.80E-03,5.60E-02,,,,
2.80E-03,5.60E-02,,,,
2.81E-03,5.60E-02,,,,
2.81E-03,5.60E-02,,,,
2.81E-03,5.40E-02,,,,
2.81E-03,5.40E-02,,,,
2.81E-03,5.60E-02,,,,
2.82E-03,5.60E-02,,,,
2.82E-03,5.40E-02,,,,
2.82E-03,5.40E-02,,,,
2.82E-03,5.60E-02,,,,
2.82E-03,5.60E-02,,,,
2.83E-03,5.40E-02,,,,
2.83E-03,5.40E-02,,,,
2.83E-03,5.40E-02,,,,
2.83E-03,5.40E-02,,,,
2.83E-03,5.40E-02,,,,
2.84E-03,5.40E-02,,,,
2.84E-03,5.40E-02,,,,
2.84E-03,5.40E-02,,,,
2.84E-03,5.40E-02,,,,
2.84E-03,5.40E-02,,,,
2.85E-03,5.40E-02,,,,
2.85E-03,5.40E-02,,,,
2.85E-03,5.40E-02,,,,
2.85E-03,5.40E-02,,,,
2.85E-03,5.40E-02,,,,
2.86E-03,5.40E-02,,,,
2.86E-03,5.40E-02,,,,
2.86E-03,5.40E-02,,,,
2.86E-03,5.40E-02,,,,
2.86E-03,5.40E-02,,,,
2.87E-03,5.20E-02,,,,
2.87E-03,5.20E-02,,,,
2.87E-03,5.40E-02,,,,
2.87E-03,5.40E-02,,,,
2.87E-03,5.40E-02,,,,
2.88E-03,5.40E-02,,,,
2.88E-03,5.40E-02,,,,
2.88E-03,5.40E-02,,,,
2.88E-03,5.40E-02,,,,
2.88E-03,5.40E-02,,,,
2.89E-03,5.20E-02,,,,
2.89E-03,5.20E-02,,,,
2.89E-03,5.20E-02,,,,
2.89E-03,5.20E-02,,,,
2.89E-03,5.40E-02,,,,
2.90E-03,5.40E-02,,,,
2.90E-03,5.20E-02,,,,
2.90E-03,5.20E-02,,,,
2.90E-03,5.20E-02,,,,
2.90E-03,5.20E-02,,,,
2.91E-03,5.20E-02,,,,
2.91E-03,5.20E-02,,,,
2.91E-03,5.20E-02,,,,
2.91E-03,5.20E-02,,,,
2.91E-03,5.20E-02,,,,
2.92E-03,5.20E-02,,,,
2.92E-03,5.20E-02,,,,
2.92E-03,5.20E-02,,,,
2.92E-03,5.20E-02,,,,
2.92E-03,5.20E-02,,,,
2.93E-03,5.20E-02,,,,
2.93E-03,5.20E-02,,,,
2.93E-03,5.20E-02,,,,
2.93E-03,5.20E-02,,,,
2.93E-03,5.00E-02,,,,
2.94E-03,5.00E-02,,,,
2.94E-03,5.00E-02,,,,
2.94E-03,5.00E-02,,,,
2.94E-03,5.00E-02,,,,
2.94E-03,5.00E-02,,,,
2.95E-03,5.20E-02,,,,
2.95E-03,5.20E-02,,,,
2.95E-03,5.20E-02,,,,
2.95E-03,5.20E-02,,,,
2.95E-03,5.20E-02,,,,
2.96E-03,5.20E-02,,,,
2.96E-03,5.00E-02,,,,
2.96E-03,5.00E-02,,,,
2.96E-03,5.00E-02,,,,
2.96E-03,5.00E-02,,,,
2.97E-03,5.00E-02,,,,
2.97E-03,5.00E-02,,,,
2.97E-03,5.00E-02,,,,
2.97E-03,5.00E-02,,,,
2.97E-03,5.00E-02,,,,
2.98E-03,5.00E-02,,,,
2.98E-03,5.00E-02,,,,
2.98E-03,5.00E-02,,,,
2.98E-03,4.80E-02,,,,
2.98E-03,4.80E-02,,,,
2.99E-03,4.80E-02,,,,
2.99E-03,4.80E-02,,,,
2.99E-03,4.80E-02,,,,
2.99E-03,4.80E-02,,,,
2.99E-03,4.80E-02,,,,
3.00E-03,4.80E-02,,,,
3.00E-03,5.00E-02,,,,
3.00E-03,5.00E-02,,,,
3.00E-03,4.80E-02,,,,
3.00E-03,4.80E-02,,,,
3.01E-03,4.80E-02,,,,
3.01E-03,4.80E-02,,,,
3.01E-03,4.60E-02,,,,
3.01E-03,4.60E-02,,,,
3.01E-03,4.60E-02,,,,
3.02E-03,4.60E-02,,,,
3.02E-03,4.80E-02,,,,
3.02E-03,4.80E-02,,,,
3.02E-03,4.80E-02,,,,
3.02E-03,4.80E-02,,,,
3.03E-03,4.80E-02,,,,
3.03E-03,4.80E-02,,,,
3.03E-03,4.60E-02,,,,
3.03E-03,4.60E-02,,,,
3.03E-03,4.80E-02,,,,
3.04E-03,4.80E-02,,,,
3.04E-03,4.60E-02,,,,
3.04E-03,4.60E-02,,,,
3.04E-03,4.60E-02,,,,
3.04E-03,4.60E-02,,,,
3.05E-03,4.80E-02,,,,
3.05E-03,4.80E-02,,,,
3.05E-03,4.60E-02,,,,
3.05E-03,4.60E-02,,,,
3.05E-03,4.60E-02,,,,
3.06E-03,4.60E-02,,,,
3.06E-03,4.80E-02,,,,
3.06E-03,4.80E-02,,,,
3.06E-03,4.60E-02,,,,
3.06E-03,4.60E-02,,,,
3.07E-03,4.60E-02,,,,
3.07E-03,4.60E-02,,,,
3.07E-03,4.80E-02,,,,
3.07E-03,4.80E-02,,,,
3.07E-03,4.60E-02,,,,
3.08E-03,4.60E-02,,,,
3.08E-03,4.60E-02,,,,
3.08E-03,4.60E-02,,,,
3.08E-03,4.60E-02,,,,
3.08E-03,4.60E-02,,,,
3.09E-03,4.40E-02,,,,
3.09E-03,4.40E-02,,,,
3.09E-03,4.60E-02,,,,
3.09E-03,4.60E-02,,,,
3.09E-03,4.60E-02,,,,
3.10E-03,4.60E-02,,,,
3.10E-03,4.40E-02,,,,
3.10E-03,4.40E-02,,,,
3.10E-03,4.40E-02,,,,
3.10E-03,4.40E-02,,,,
3.11E-03,4.20E-02,,,,
3.11E-03,4.20E-02,,,,
3.11E-03,4.40E-02,,,,
3.11E-03,4.40E-02,,,,
3.11E-03,4.80E-02,,,,
3.12E-03,4.80E-02,,,,
3.12E-03,4.40E-02,,,,
3.12E-03,4.40E-02,,,,
3.12E-03,4.60E-02,,,,
3.12E-03,4.60E-02,,,,
3.13E-03,4.40E-02,,,,
3.13E-03,4.40E-02,,,,
3.13E-03,4.40E-02,,,,
3.13E-03,4.40E-02,,,,
3.13E-03,4.60E-02,,,,
3.14E-03,4.60E-02,,,,
3.14E-03,4.40E-02,,,,
3.14E-03,4.40E-02,,,,
3.14E-03,4.20E-02,,,,
3.14E-03,4.20E-02,,,,
3.15E-03,4.60E-02,,,,
3.15E-03,4.60E-02,,,,
3.15E-03,4.20E-02,,,,
3.15E-03,4.20E-02,,,,
3.15E-03,4.00E-02,,,,
3.16E-03,4.00E-02,,,,
3.16E-03,4.20E-02,,,,
3.16E-03,4.20E-02,,,,
3.16E-03,4.20E-02,,,,
3.16E-03,4.20E-02,,,,
3.17E-03,4.20E-02,,,,
3.17E-03,4.20E-02,,,,
3.17E-03,4.00E-02,,,,
3.17E-03,4.00E-02,,,,
3.17E-03,4.20E-02,,,,
3.18E-03,4.20E-02,,,,
3.18E-03,4.00E-02,,,,
3.18E-03,4.00E-02,,,,
3.18E-03,4.20E-02,,,,
3.18E-03,4.20E-02,,,,
3.19E-03,4.20E-02,,,,
3.19E-03,4.20E-02,,,,
3.19E-03,4.20E-02,,,,
3.19E-03,4.20E-02,,,,
3.19E-03,4.20E-02,,,,
3.20E-03,4.20E-02,,,,
3.20E-03,4.20E-02,,,,
3.20E-03,4.20E-02,,,,
3.20E-03,4.00E-02,,,,
3.20E-03,4.00E-02,,,,
3.21E-03,3.80E-02,,,,
3.21E-03,3.80E-02,,,,
3.21E-03,4.20E-02,,,,
3.21E-03,4.20E-02,,,,
3.21E-03,4.00E-02,,,,
3.22E-03,4.00E-02,,,,
3.22E-03,4.20E-02,,,,
3.22E-03,4.20E-02,,,,
3.22E-03,4.20E-02,,,,
3.22E-03,4.20E-02,,,,
3.23E-03,4.00E-02,,,,
3.23E-03,4.00E-02,,,,
3.23E-03,4.20E-02,,,,
3.23E-03,4.20E-02,,,,
3.23E-03,4.00E-02,,,,
3.24E-03,4.00E-02,,,,
3.24E-03,4.00E-02,,,,
3.24E-03,4.00E-02,,,,
3.24E-03,3.80E-02,,,,
3.24E-03,3.80E-02,,,,
3.25E-03,4.00E-02,,,,
3.25E-03,4.00E-02,,,,
3.25E-03,4.00E-02,,,,
3.25E-03,4.00E-02,,,,
3.25E-03,3.80E-02,,,,
3.26E-03,3.80E-02,,,,
3.26E-03,3.60E-02,,,,
3.26E-03,3.60E-02,,,,
3.26E-03,3.80E-02,,,,
3.26E-03,3.80E-02,,,,
3.27E-03,3.80E-02,,,,
3.27E-03,3.80E-02,,,,
3.27E-03,3.80E-02,,,,
3.27E-03,3.80E-02,,,,
3.27E-03,3.80E-02,,,,
3.28E-03,3.80E-02,,,,
3.28E-03,3.40E-02,,,,
3.28E-03,3.40E-02,,,,
3.28E-03,3.80E-02,,,,
3.28E-03,3.80E-02,,,,
3.29E-03,3.80E-02,,,,
3.29E-03,3.80E-02,,,,
3.29E-03,3.80E-02,,,,
3.29E-03,3.80E-02,,,,
3.29E-03,3.60E-02,,,,
3.30E-03,3.60E-02,,,,
3.30E-03,3.60E-02,,,,
3.30E-03,3.60E-02,,,,
3.30E-03,4.00E-02,,,,
3.30E-03,4.00E-02,,,,
3.31E-03,3.60E-02,,,,
3.31E-03,3.60E-02,,,,
3.31E-03,3.60E-02,,,,
3.31E-03,3.60E-02,,,,
3.31E-03,3.60E-02,,,,
3.32E-03,3.60E-02,,,,
3.32E-03,3.60E-02,,,,
3.32E-03,3.60E-02,,,,
3.32E-03,3.40E-02,,,,
3.32E-03,3.40E-02,,,,
3.33E-03,3.60E-02,,,,
3.33E-03,3.60E-02,,,,
3.33E-03,3.40E-02,,,,
3.33E-03,3.40E-02,,,,
3.33E-03,3.60E-02,,,,
3.34E-03,3.60E-02,,,,
3.34E-03,3.60E-02,,,,
3.34E-03,3.60E-02,,,,
3.34E-03,3.80E-02,,,,
3.34E-03,3.80E-02,,,,
3.35E-03,3.60E-02,,,,
3.35E-03,3.60E-02,,,,
3.35E-03,3.40E-02,,,,
3.35E-03,3.40E-02,,,,
3.35E-03,3.20E-02,,,,
3.36E-03,3.20E-02,,,,
3.36E-03,3.20E-02,,,,
3.36E-03,3.20E-02,,,,
3.36E-03,3.60E-02,,,,
3.36E-03,3.60E-02,,,,
3.37E-03,3.40E-02,,,,
3.37E-03,3.40E-02,,,,
3.37E-03,3.40E-02,,,,
3.37E-03,3.40E-02,,,,
3.37E-03,3.40E-02,,,,
3.38E-03,3.40E-02,,,,
3.38E-03,3.40E-02,,,,
3.38E-03,3.40E-02,,,,
3.38E-03,3.20E-02,,,,
3.38E-03,3.20E-02,,,,
3.39E-03,3.40E-02,,,,
3.39E-03,3.40E-02,,,,
3.39E-03,3.20E-02,,,,
3.39E-03,3.20E-02,,,,
3.39E-03,3.40E-02,,,,
3.40E-03,3.40E-02,,,,
3.40E-03,3.20E-02,,,,
3.40E-03,3.20E-02,,,,
3.40E-03,3.40E-02,,,,
3.40E-03,3.40E-02,,,,
3.41E-03,3.40E-02,,,,
3.41E-03,3.40E-02,,,,
3.41E-03,3.20E-02,,,,
3.41E-03,3.20E-02,,,,
3.41E-03,3.20E-02,,,,
3.42E-03,3.20E-02,,,,
3.42E-03,3.20E-02,,,,
3.42E-03,3.20E-02,,,,
3.42E-03,3.40E-02,,,,
3.42E-03,3.40E-02,,,,
3.43E-03,3.20E-02,,,,
3.43E-03,3.20E-02,,,,
3.43E-03,3.20E-02,,,,
3.43E-03,3.20E-02,,,,
3.43E-03,3.20E-02,,,,
3.44E-03,3.20E-02,,,,
3.44E-03,3.20E-02,,,,
3.44E-03,3.20E-02,,,,
3.44E-03,3.20E-02,,,,
3.44E-03,3.20E-02,,,,
3.45E-03,3.20E-02,,,,
3.45E-03,3.20E-02,,,,
3.45E-03,3.20E-02,,,,
3.45E-03,3.20E-02,,,,
3.45E-03,3.00E-02,,,,
3.46E-03,3.00E-02,,,,
3.46E-03,3.20E-02,,,,
3.46E-03,3.20E-02,,,,
3.46E-03,3.20E-02,,,,
3.46E-03,3.20E-02,,,,
3.47E-03,3.00E-02,,,,
3.47E-03,3.00E-02,,,,
3.47E-03,3.00E-02,,,,
3.47E-03,3.00E-02,,,,
3.47E-03,3.00E-02,,,,
3.48E-03,3.00E-02,,,,
3.48E-03,3.00E-02,,,,
3.48E-03,3.00E-02,,,,
3.48E-03,3.00E-02,,,,
3.48E-03,3.00E-02,,,,
3.49E-03,3.00E-02,,,,
3.49E-03,3.00E-02,,,,
3.49E-03,3.00E-02,,,,
3.49E-03,3.00E-02,,,,
3.49E-03,3.20E-02,,,,
3.50E-03,3.20E-02,,,,
3.50E-03,3.00E-02,,,,
3.50E-03,3.00E-02,,,,
3.50E-03,3.00E-02,,,,
3.50E-03,3.00E-02,,,,
3.51E-03,3.00E-02,,,,
3.51E-03,3.00E-02,,,,
3.51E-03,2.80E-02,,,,
3.51E-03,2.80E-02,,,,
3.51E-03,2.80E-02,,,,
3.52E-03,2.80E-02,,,,
3.52E-03,2.80E-02,,,,
3.52E-03,2.80E-02,,,,
3.52E-03,3.00E-02,,,,
3.52E-03,3.00E-02,,,,
3.53E-03,3.00E-02,,,,
3.53E-03,3.00E-02,,,,
3.53E-03,3.00E-02,,,,
3.53E-03,3.00E-02,,,,
3.53E-03,3.00E-02,,,,
3.54E-03,3.00E-02,,,,
3.54E-03,2.80E-02,,,,
3.54E-03,2.80E-02,,,,
3.54E-03,2.80E-02,,,,
3.54E-03,2.80E-02,,,,
3.55E-03,3.00E-02,,,,
3.55E-03,3.00E-02,,,,
3.55E-03,2.80E-02,,,,
3.55E-03,2.80E-02,,,,
3.55E-03,2.80E-02,,,,
3.56E-03,2.80E-02,,,,
3.56E-03,2.80E-02,,,,
3.56E-03,2.80E-02,,,,
3.56E-03,2.80E-02,,,,
3.56E-03,2.80E-02,,,,
3.57E-03,2.80E-02,,,,
3.57E-03,2.80E-02,,,,
3.57E-03,2.80E-02,,,,
3.57E-03,2.80E-02,,,,
3.57E-03,2.80E-02,,,,
3.58E-03,2.80E-02,,,,
3.58E-03,2.80E-02,,,,
3.58E-03,2.80E-02,,,,
3.58E-03,2.60E-02,,,,
3.58E-03,2.60E-02,,,,
3.59E-03,2.60E-02,,,,
3.59E-03,2.60E-02,,,,
3.59E-03,2.60E-02,,,,
3.59E-03,2.60E-02,,,,
3.59E-03,2.60E-02,,,,
3.60E-03,2.60E-02,,,,
3.60E-03,2.60E-02,,,,
3.60E-03,2.60E-02,,,,
3.60E-03,2.60E-02,,,,
3.60E-03,2.60E-02,,,,
3.61E-03,2.60E-02,,,,
3.61E-03,2.60E-02,,,,
3.61E-03,2.60E-02,,,,
3.61E-03,2.60E-02,,,,
3.61E-03,2.40E-02,,,,
3.62E-03,2.40E-02,,,,
3.62E-03,2.40E-02,,,,
3.62E-03,2.40E-02,,,,
3.62E-03,2.60E-02,,,,
3.62E-03,2.60E-02,,,,
3.63E-03,2.60E-02,,,,
3.63E-03,2.60E-02,,,,
3.63E-03,2.60E-02,,,,
3.63E-03,2.60E-02,,,,
3.63E-03,2.60E-02,,,,
3.64E-03,2.60E-02,,,,
3.64E-03,2.40E-02,,,,
3.64E-03,2.40E-02,,,,
3.64E-03,2.40E-02,,,,
3.64E-03,2.40E-02,,,,
3.65E-03,2.60E-02,,,,
3.65E-03,2.60E-02,,,,
3.65E-03,2.60E-02,,,,
3.65E-03,2.60E-02,,,,
3.65E-03,2.60E-02,,,,
3.66E-03,2.60E-02,,,,
3.66E-03,2.40E-02,,,,
3.66E-03,2.40E-02,,,,
3.66E-03,2.40E-02,,,,
3.66E-03,2.40E-02,,,,
3.67E-03,2.40E-02,,,,
3.67E-03,2.40E-02,,,,
3.67E-03,2.40E-02,,,,
3.67E-03,2.40E-02,,,,
3.67E-03,2.20E-02,,,,
3.68E-03,2.20E-02,,,,
3.68E-03,2.40E-02,,,,
3.68E-03,2.40E-02,,,,
3.68E-03,2.20E-02,,,,
3.68E-03,2.20E-02,,,,
3.69E-03,2.40E-02,,,,
3.69E-03,2.40E-02,,,,
3.69E-03,2.40E-02,,,,
3.69E-03,2.40E-02,,,,
3.69E-03,2.00E-02,,,,
3.70E-03,2.00E-02,,,,
3.70E-03,2.40E-02,,,,
3.70E-03,2.40E-02,,,,
3.70E-03,2.40E-02,,,,
3.70E-03,2.40E-02,,,,
3.71E-03,2.20E-02,,,,
3.71E-03,2.20E-02,,,,
3.71E-03,2.40E-02,,,,
3.71E-03,2.40E-02,,,,
3.71E-03,2.40E-02,,,,
3.72E-03,2.40E-02,,,,
3.72E-03,2.00E-02,,,,
3.72E-03,2.00E-02,,,,
3.72E-03,2.00E-02,,,,
3.72E-03,2.00E-02,,,,
3.73E-03,2.40E-02,,,,
3.73E-03,2.40E-02,,,,
3.73E-03,2.00E-02,,,,
3.73E-03,2.00E-02,,,,
3.73E-03,2.20E-02,,,,
3.74E-03,2.20E-02,,,,
3.74E-03,2.00E-02,,,,
3.74E-03,2.00E-02,,,,
3.74E-03,2.20E-02,,,,
3.74E-03,2.20E-02,,,,
3.75E-03,2.00E-02,,,,
3.75E-03,2.00E-02,,,,
3.75E-03,2.00E-02,,,,
3.75E-03,2.00E-02,,,,
3.75E-03,2.00E-02,,,,
3.76E-03,2.00E-02,,,,
3.76E-03,2.20E-02,,,,
3.76E-03,2.20E-02,,,,
3.76E-03,2.00E-02,,,,
3.76E-03,2.00E-02,,,,
3.77E-03,2.20E-02,,,,
3.77E-03,2.20E-02,,,,
3.77E-03,2.00E-02,,,,
3.77E-03,2.00E-02,,,,
3.77E-03,2.20E-02,,,,
3.78E-03,2.20E-02,,,,
3.78E-03,2.00E-02,,,,
3.78E-03,2.00E-02,,,,
3.78E-03,2.00E-02,,,,
3.78E-03,2.00E-02,,,,
3.79E-03,1.80E-02,,,,
3.79E-03,1.80E-02,,,,
3.79E-03,1.80E-02,,,,
3.79E-03,1.80E-02,,,,
3.79E-03,2.00E-02,,,,
3.80E-03,2.00E-02,,,,
3.80E-03,1.80E-02,,,,
3.80E-03,1.80E-02,,,,
3.80E-03,2.00E-02,,,,
3.80E-03,2.00E-02,,,,
3.81E-03,1.80E-02,,,,
3.81E-03,1.80E-02,,,,
3.81E-03,1.80E-02,,,,
3.81E-03,1.80E-02,,,,
3.81E-03,1.60E-02,,,,
3.82E-03,1.60E-02,,,,
3.82E-03,2.00E-02,,,,
3.82E-03,2.00E-02,,,,
3.82E-03,1.80E-02,,,,
3.82E-03,1.80E-02,,,,
3.83E-03,1.80E-02,,,,
3.83E-03,1.80E-02,,,,
3.83E-03,1.60E-02,,,,
3.83E-03,1.60E-02,,,,
3.83E-03,1.80E-02,,,,
3.84E-03,1.80E-02,,,,
3.84E-03,1.80E-02,,,,
3.84E-03,1.80E-02,,,,
3.84E-03,1.80E-02,,,,
3.84E-03,1.80E-02,,,,
3.85E-03,1.60E-02,,,,
3.85E-03,1.60E-02,,,,
3.85E-03,1.80E-02,,,,
3.85E-03,1.80E-02,,,,
3.85E-03,1.80E-02,,,,
3.86E-03,1.80E-02,,,,
3.86E-03,1.80E-02,,,,
3.86E-03,1.80E-02,,,,
3.86E-03,1.60E-02,,,,
3.86E-03,1.60E-02,,,,
3.87E-03,1.60E-02,,,,
3.87E-03,1.60E-02,,,,
3.87E-03,1.60E-02,,,,
3.87E-03,1.60E-02,,,,
3.87E-03,1.80E-02,,,,
3.88E-03,1.80E-02,,,,
3.88E-03,1.60E-02,,,,
3.88E-03,1.60E-02,,,,
3.88E-03,1.60E-02,,,,
3.88E-03,1.60E-02,,,,
3.89E-03,1.40E-02,,,,
3.89E-03,1.40E-02,,,,
3.89E-03,1.80E-02,,,,
3.89E-03,1.80E-02,,,,
3.89E-03,1.60E-02,,,,
3.90E-03,1.60E-02,,,,
3.90E-03,1.60E-02,,,,
3.90E-03,1.60E-02,,,,
3.90E-03,1.40E-02,,,,
3.90E-03,1.40E-02,,,,
3.91E-03,1.60E-02,,,,
3.91E-03,1.60E-02,,,,
3.91E-03,1.40E-02,,,,
3.91E-03,1.40E-02,,,,
3.91E-03,1.60E-02,,,,
3.92E-03,1.60E-02,,,,
3.92E-03,1.40E-02,,,,
3.92E-03,1.40E-02,,,,
3.92E-03,1.40E-02,,,,
3.92E-03,1.40E-02,,,,
3.93E-03,1.40E-02,,,,
3.93E-03,1.40E-02,,,,
3.93E-03,1.40E-02,,,,
3.93E-03,1.40E-02,,,,
3.93E-03,1.20E-02,,,,
3.94E-03,1.20E-02,,,,
3.94E-03,1.40E-02,,,,
3.94E-03,1.40E-02,,,,
3.94E-03,1.60E-02,,,,
3.94E-03,1.60E-02,,,,
3.95E-03,1.40E-02,,,,
3.95E-03,1.40E-02,,,,
3.95E-03,1.40E-02,,,,
3.95E-03,1.40E-02,,,,
3.95E-03,1.20E-02,,,,
3.96E-03,1.20E-02,,,,
3.96E-03,1.20E-02,,,,
3.96E-03,1.20E-02,,,,
3.96E-03,1.20E-02,,,,
3.96E-03,1.20E-02,,,,
3.97E-03,1.20E-02,,,,
3.97E-03,1.20E-02,,,,
3.97E-03,1.40E-02,,,,
3.97E-03,1.40E-02,,,,
3.97E-03,1.20E-02,,,,
3.98E-03,1.20E-02,,,,
3.98E-03,1.00E-02,,,,
3.98E-03,1.00E-02,,,,
3.98E-03,1.20E-02,,,,
3.98E-03,1.20E-02,,,,
3.99E-03,1.00E-02,,,,
3.99E-03,1.00E-02,,,,
3.99E-03,1.20E-02,,,,
3.99E-03,1.20E-02,,,,
3.99E-03,1.20E-02,,,,
4.00E-03,1.20E-02,,,,
4.00E-03,1.20E-02,,,,
4.00E-03,1.20E-02,,,,
4.00E-03,1.20E-02,,,,
4.00E-03,1.20E-02,,,,
4.01E-03,1.00E-02,,,,
4.01E-03,1.00E-02,,,,
4.01E-03,1.20E-02,,,,
4.01E-03,1.20E-02,,,,
4.01E-03,1.20E-02,,,,
4.02E-03,1.20E-02,,,,
4.02E-03,1.00E-02,,,,
4.02E-03,1.00E-02,,,,
4.02E-03,1.00E-02,,,,
4.02E-03,1.00E-02,,,,
4.03E-03,1.00E-02,,,,
4.03E-03,1.00E-02,,,,
4.03E-03,1.20E-02,,,,
4.03E-03,1.20E-02,,,,
4.03E-03,1.00E-02,,,,
4.04E-03,1.00E-02,,,,
4.04E-03,1.20E-02,,,,
4.04E-03,1.20E-02,,,,
4.04E-03,8.00E-03,,,,
4.04E-03,8.00E-03,,,,
4.05E-03,1.00E-02,,,,
4.05E-03,1.00E-02,,,,
4.05E-03,8.00E-03,,,,
4.05E-03,8.00E-03,,,,
4.05E-03,8.00E-03,,,,
4.06E-03,8.00E-03,,,,
4.06E-03,1.00E-02,,,,
